-- phpMyAdmin SQL Dump
-- version 4.0.4.1
-- http://www.phpmyadmin.net
--
-- Host: 127.0.0.1
-- Generation Time: Feb 19, 2014 at 08:46 PM
-- Server version: 5.5.32
-- PHP Version: 5.4.19

SET SQL_MODE = "NO_AUTO_VALUE_ON_ZERO";
SET time_zone = "+00:00";


/*!40101 SET @OLD_CHARACTER_SET_CLIENT=@@CHARACTER_SET_CLIENT */;
/*!40101 SET @OLD_CHARACTER_SET_RESULTS=@@CHARACTER_SET_RESULTS */;
/*!40101 SET @OLD_COLLATION_CONNECTION=@@COLLATION_CONNECTION */;
/*!40101 SET NAMES utf8 */;

--
-- Database: `online_time_table_uos`
--
CREATE DATABASE IF NOT EXISTS `online_time_table_uos` DEFAULT CHARACTER SET latin1 COLLATE latin1_swedish_ci;
USE `online_time_table_uos`;

-- --------------------------------------------------------

--
-- Table structure for table `admin`
--

CREATE TABLE IF NOT EXISTS `admin` (
  `admin_id` int(11) NOT NULL AUTO_INCREMENT,
  `name` varchar(45) NOT NULL,
  `fathers_name` varchar(45) NOT NULL,
  `surname` varchar(45) NOT NULL,
  `address` varchar(45) NOT NULL,
  `cell_no` varchar(15) NOT NULL,
  `admin_type` varchar(1) NOT NULL,
  `username` varchar(20) NOT NULL,
  `password` varchar(100) NOT NULL,
  `department_dept_id` int(11) NOT NULL,
  `is_super_admin` int(11) DEFAULT NULL,
  PRIMARY KEY (`admin_id`),
  UNIQUE KEY `username` (`username`),
  UNIQUE KEY `username_2` (`username`),
  UNIQUE KEY `username_3` (`username`),
  UNIQUE KEY `username_4` (`username`),
  KEY `fk_admin_department1_idx` (`department_dept_id`)
) ENGINE=InnoDB  DEFAULT CHARSET=utf8 AUTO_INCREMENT=5 ;

--
-- Dumping data for table `admin`
--

INSERT INTO `admin` (`admin_id`, `name`, `fathers_name`, `surname`, `address`, `cell_no`, `admin_type`, `username`, `password`, `department_dept_id`, `is_super_admin`) VALUES
(3, 'Saqib', 'Mushtaq', 'Soomro', 'hyd', '123', '0', 'saqib', 'saqib', 13, 0),
(4, 'Raja', 'dharam das', 'kumar', 'hyd', '123', '0', 'raja', 'raja', 1, 0);

-- --------------------------------------------------------

--
-- Table structure for table `courses`
--

CREATE TABLE IF NOT EXISTS `courses` (
  `course_id` int(11) NOT NULL AUTO_INCREMENT,
  `course_code` varchar(45) NOT NULL,
  `course_name` varchar(45) NOT NULL,
  `remarks` varchar(45) DEFAULT NULL,
  `part_id` int(11) NOT NULL,
  `semister` int(11) NOT NULL,
  PRIMARY KEY (`course_id`,`part_id`,`semister`),
  KEY `fk_courses_part1_idx` (`part_id`)
) ENGINE=InnoDB  DEFAULT CHARSET=latin1 AUTO_INCREMENT=18 ;

--
-- Dumping data for table `courses`
--

INSERT INTO `courses` (`course_id`, `course_code`, `course_name`, `remarks`, `part_id`, `semister`) VALUES
(7, 'B.E', 'BASIC ELECTRONICS', 'hefllo', 3, 1),
(8, 'dld', 'Digital Logic Design', 'soomro', 3, 1),
(9, 'C.P', 'COMPUTER PROGRAMMING', 'OK', 3, 1),
(10, 'P.S', 'PAKISTAN STUDIES', 'OKE', 3, 1),
(11, 'A.E.T', 'ALGEBRA & ELEMENTARY TRIGONOMERTY', 'OK', 3, 1),
(12, 'I.C', 'INTRODUCTION TO COMPUTING', 'OK', 3, 1),
(13, 'R.E-I', 'REMEDIAL ENG', 'OK', 3, 1),
(14, 'C.A.G', 'CALCULUS & ANALYTICAL GEOMETRY', 'OK', 3, 1),
(17, 'JV', 'JAVA', 'J', 3, 2);

-- --------------------------------------------------------

--
-- Table structure for table `days`
--

CREATE TABLE IF NOT EXISTS `days` (
  `days_id` int(11) NOT NULL AUTO_INCREMENT,
  `days_name` varchar(45) NOT NULL,
  `remarks` varchar(45) DEFAULT NULL,
  PRIMARY KEY (`days_id`)
) ENGINE=InnoDB  DEFAULT CHARSET=latin1 AUTO_INCREMENT=6 ;

--
-- Dumping data for table `days`
--

INSERT INTO `days` (`days_id`, `days_name`, `remarks`) VALUES
(1, 'MONDAY', '-'),
(2, 'TUESDDAY', NULL),
(3, 'WEDNESDAY', NULL),
(4, 'THURSDAY', NULL),
(5, 'FRIDAY', NULL);

-- --------------------------------------------------------

--
-- Table structure for table `department`
--

CREATE TABLE IF NOT EXISTS `department` (
  `dept_id` int(11) NOT NULL AUTO_INCREMENT,
  `fac_id` int(11) NOT NULL,
  `dept_name` varchar(45) NOT NULL,
  `code` varchar(45) DEFAULT NULL,
  `remarks` varchar(45) DEFAULT NULL,
  PRIMARY KEY (`dept_id`),
  KEY `fk_department_faculty1_idx` (`fac_id`)
) ENGINE=InnoDB  DEFAULT CHARSET=utf8 AUTO_INCREMENT=87 ;

--
-- Dumping data for table `department`
--

INSERT INTO `department` (`dept_id`, `fac_id`, `dept_name`, `code`, `remarks`) VALUES
(1, 6, 'ECONOMICS', 'ECON', 'ECONOMICS'),
(2, 2, 'BUSINESS ADMINSTRATION', 'BUS', 'BBA'),
(3, 5, 'INSTITUTE OF INFORMATION &COMMUNICATION TECHN', '', ''),
(6, 2, 'INSTITUTE  OF BUSINESS ADMINISTRATION', '', 'IBA'),
(7, 2, 'INSTITUTE OF COMMERCE', '', 'COM'),
(8, 5, 'INFORMATION TECHNOLOGY', 'ITEC', 'INFORMATION TECHNOLOGY'),
(9, 5, 'INSTITUTE OF MATHEMATICS & COMPUTER SCIENCE', '', 'IMCS'),
(10, 5, 'COMPUTER SCIENCE', 'COMP', 'COMPUTER SCIENCE'),
(11, 5, 'DR. M.A. KAZI INSTITUTE OF CHEMISTRY', '', 'CHEMISTRY'),
(12, 5, 'CHEMISTRY', 'CHEM', 'CHEMISTRY'),
(13, 5, 'SOFTWARE ENGINEERING', 'SWE', 'SOFTWARE ENGINEERING'),
(14, 5, 'TELECOMMUNICATION', 'TELC', 'TELECOMMUNICATION'),
(15, 5, 'ELECTRONICS', 'ELEC', 'ELECTRONICS'),
(16, 6, 'SINDH DEVELOPMENT STUDIES CENTRE', 'DS', 'SINDH DEVELOPMENT STUDIES CENTRE'),
(17, 5, 'INSTITUTE OF BIOTECHNOLOGY & GENETIC ENGINEER', '', ''),
(18, 5, 'GENETIC ENGINEERING', 'GENG', 'GENETIC ENGINEERING'),
(19, 5, 'BOTANY', 'BOTN', 'BOTANY'),
(20, 5, 'FRESH WATER BIOLOGY & FISHERIES', 'FWBF', 'FRESH WATER BIOLOGY & FISHERIES'),
(21, 5, 'GEOGRAPHY', 'GEOG', 'GEOGRAPHY'),
(22, 5, 'CENTRE FOR PURE & APPLIED GEOLOGY', 'GEOL', 'GEOLOGY'),
(23, 5, 'MICROBIOLOGY', 'MICR', 'MICORBIOLOGY'),
(24, 5, 'PHYSICS', 'PHYS', 'PHYSICS'),
(25, 5, 'PHYSIOLOGY', 'PHSL', 'PHYSIOLOGY'),
(26, 5, 'STATISTICS', 'STAT', 'STATISTICS'),
(27, 5, 'ZOOLOGY', 'ZOOL', 'ZOOLOGY'),
(28, 6, 'INSTITUTE OF WOMEN DEVELOPMENT STUDIES', '', 'IWDS'),
(29, 6, 'WOMEN DEVLOPMENT STUDIES', 'WS', 'WS'),
(30, 5, 'CENTRE FOR  PHYSICAL EDUCATION, HEALTH & SPOR', 'HPE', 'HEALTH & PHYSICAL EDUCATION'),
(31, 6, 'GENERAL HISTORY', 'GH', 'GENRAL HISTORY'),
(32, 6, 'INTERNATIONAL RELATIONS', 'IR', 'I R'),
(33, 6, 'LIBRARY INFORMATION SCIENCE & ARCHIVE STUDIES', 'LS', 'LIBRARY SCIENCES'),
(34, 6, 'MASS COMMUNICATION', 'MC', 'MASS COMMUNICATION'),
(35, 6, 'CENTRE FOR RURAL DEVELOPMENT STUDIES', 'RURAL', 'RURAL DEVELOPMENT / MASS COMMUNICATION'),
(36, 6, 'POLITICAL SCIENCE', 'POL', 'POLITICAL SCIENCE'),
(37, 6, 'PSYCHOLOGY', 'PSY', 'PSYCHOLOGY'),
(38, 6, 'PUBLIC ADMINISTRATION', 'PA', 'PUBLIC ADMINISTRATION'),
(39, 6, 'SOCIOLOGY', 'SOC', 'SOCIOLOGY'),
(40, 6, 'SOCIAL WORK', 'SW', 'SOCIAL WORK'),
(41, 6, 'CRIMINOLOGY', 'CRM', 'CRIMINOLOGY'),
(42, 2, 'COMMERCE', 'COM', ''),
(43, 7, 'INSTITUTE OF ARTS & DESIGN', '', 'FINE ARTS'),
(44, 7, 'INSTITUTE OF LANGUAGES', '', 'INSTITUTE OF LANGUAGES'),
(45, 7, 'ENGLISH', 'ENG', 'ENLISH'),
(46, 7, 'PHILOSOPHY', 'PHIL', 'PHILOSOPHY'),
(47, 7, 'SINDHI', 'SIND', 'SINDHI'),
(48, 7, 'URDU', 'URD', 'URDU'),
(49, 7, 'ART & DESIGN', 'FAD', 'FINE ART'),
(50, 7, 'ARABIC', 'AR', 'ARABIC'),
(51, 7, 'PERSIAN', 'PERS', 'PERSIAN'),
(57, 9, 'COMPARATIVE RELIGION & ISLAMIC CULTURE', 'IC', ''),
(58, 9, 'MUSLIM HISTORY', 'MH', ''),
(59, 5, 'INSTITUTE OF BIOCHEMISTRY', '', ''),
(60, 5, 'BIOCHEMISTRY', 'BIOC', 'BIOCHEMISRY'),
(61, 5, 'CENTRE OF ENVIRONMENTAL SCIENCES', 'ENVS', 'ENVIROMENTAL'),
(62, 5, 'INSTITUTE OF PHARMACY', '', ''),
(63, 11, 'PHARMACY', 'PHAR', 'PHAR'),
(64, 5, 'MATHEMATICS', 'MATH', 'MATHEMATICS'),
(65, 5, 'BIOTECHNOLOGY', 'BIOT', 'BIOTECHNOLOGY'),
(66, 10, 'PAKISTAN STUDIES CENTRE', 'PS', ''),
(67, 8, 'EDUCATION', 'EDU', 'Main Department of Education'),
(68, 5, 'INSTITUTE OF PLANT SCIENCES', 'BOTN', 'BOTANY'),
(69, 5, 'INSTITUTE OF PHYSICS', '', ''),
(70, 7, 'INSTITUTE OF ENGLISH LANGUAGE & LITERATURE', '', 'ENGLISH'),
(71, 5, 'TELEMEDICINE & E-HEALTH', 'TEMED', 'TELEMEDICINE & E-HEALTH'),
(72, 10, 'SINDH UNIVERSITY LAAR CAMPUS @ BADIN', 'SUBC', ''),
(73, 5, 'ANTHROPOLOGY & ARCHAEOLOGY', 'ANTH', 'ANTHROPOLOGY & ARCHAEOLOGY'),
(74, 8, 'EDUCATION, SINDH UNIVERSITY LAAR CAMPUS @ BAD', 'EDUL', 'LAAR BADIN'),
(75, 8, 'EDUCATION, P.I.T.E SINDH, NAWABSHAH', 'EDUP', 'PITE (NAWABSHAH)'),
(76, 12, 'LAW', 'LAW', ''),
(77, 10, 'SINDH UNIVERSITY CAMPUS MIRPURKHAS', 'SUMC', ''),
(78, 7, 'CENTRE FOR MUSIC EDUCATION, INSTITUTE OF ART ', 'MUSC', 'CENTRE FOR MUSIC EDUCATION'),
(79, 5, 'SHAHEED PROF. BASHIR AHMED CHANNAR DEPARTMENT', '', ''),
(80, 10, 'MOHTARMA BENAZIR BHUTTO SHAHEED CAMPUS DADU', 'SUDC', ''),
(81, 13, 'INSTITUTE OF MODEREN SCIENCES & ARTS', '', 'IMSA'),
(82, 13, 'COLLEGE OF MODEREN SCIENCES', '', 'CMS'),
(83, 13, 'SUKKUR INSTITUTE OF SCIENCE & TECHNOLOGY', '', 'SISTECH'),
(84, 10, 'SINDH UNIVERSITY CAMPUS THATTA', 'SUCT', ''),
(85, 10, 'SINDH UNIVERSITY CAMPUS LARKANA', '', ''),
(86, 5, 'NUTRITION & FOOD TECHNOLOGY', 'NUFT', 'NUTRITION & FOOD TECHNOLOGY');

-- --------------------------------------------------------

--
-- Table structure for table `part`
--

CREATE TABLE IF NOT EXISTS `part` (
  `part_id` int(11) NOT NULL AUTO_INCREMENT,
  `part` varchar(45) NOT NULL,
  `shift` int(11) DEFAULT NULL,
  `prog_id` int(11) NOT NULL,
  `remarks` varchar(45) DEFAULT NULL,
  `group_desc` varchar(45) DEFAULT NULL,
  PRIMARY KEY (`part_id`),
  KEY `fk_batch_program1_idx` (`prog_id`),
  KEY `shift` (`shift`)
) ENGINE=InnoDB  DEFAULT CHARSET=latin1 AUTO_INCREMENT=8 ;

--
-- Dumping data for table `part`
--

INSERT INTO `part` (`part_id`, `part`, `shift`, `prog_id`, `remarks`, `group_desc`) VALUES
(2, '2', 1, 178, NULL, NULL),
(3, '1', 1, 11, 'good', 'happy'),
(4, '1', 1, 13, 'dsf', 'sdf'),
(5, '2', 1, 13, 'sdf', 'sdf'),
(6, '1', 1, 211, 'tho', 'jijd'),
(7, '2', 1, 11, 'OKx', 'HELLO');

-- --------------------------------------------------------

--
-- Table structure for table `program`
--

CREATE TABLE IF NOT EXISTS `program` (
  `prog_id` int(11) NOT NULL AUTO_INCREMENT,
  `dept_id` int(11) NOT NULL,
  `prog_tittle` varchar(45) NOT NULL,
  `degree_tittle` varchar(45) DEFAULT NULL,
  PRIMARY KEY (`prog_id`),
  KEY `fk_program_department1_idx` (`dept_id`)
) ENGINE=InnoDB  DEFAULT CHARSET=utf8 AUTO_INCREMENT=212 ;

--
-- Dumping data for table `program`
--

INSERT INTO `program` (`prog_id`, `dept_id`, `prog_tittle`, `degree_tittle`) VALUES
(1, 1, 'B.A (HONS) ECONOMICS', 'Bachelor of Arts (Honours)'),
(2, 1, 'M.A (HONS) ECONOMICS', 'Master of Arts (Honours)'),
(4, 2, 'B.B.A (HONS)', 'Bachelor of Business Administration (Hons)'),
(5, 2, 'M.B.A (HONS)', 'Master of Business Administration (Hons)'),
(6, 2, 'M.B.A (PASS)', 'Master of Business Administration (Pass)'),
(7, 8, 'BS (INFORMATION TECHNOLOGY)', 'Bachelor of Science'),
(8, 10, 'BS (COMPUTER SCIENCE)', 'Bachelor of Science'),
(10, 12, 'BS (CHEMISTRY)', 'Bachelor of Science'),
(11, 13, 'BS (SOFTWARE ENGINEERING)', 'Bachelor of Science'),
(12, 14, 'BS (TELECOMMUNICATION)', 'Bachelor of Science'),
(13, 15, 'BS (ELECTRONICS)', 'Bachelor of Science'),
(23, 10, 'MASTER OF COMPUTER SCIENCE (MCS)', 'Master of Computer Science'),
(24, 12, 'M.Sc. (PASS) CHEMISTRY', 'Master of Science (Pass)'),
(25, 18, 'BS (GENETICS)', 'Bachelor of Science'),
(26, 19, 'BS (BOTANY)', 'Bachelor of Science'),
(27, 19, 'M.Sc. (PASS) BOTANY', 'Master of Science (Pass)'),
(28, 20, 'BS (FRESH WATER BIOLOGY & FISHERIES)', 'Bachelor of Science'),
(29, 20, 'M.Sc. (PASS) FRESH WATER BIOLOGY & FISHERIES', 'Master of Science (Pass)'),
(30, 21, 'BS (GEOGRAPHY)', 'Bachelor of Science'),
(31, 21, 'M.Sc. (PASS) GEOGRAPHY', 'Master of Science (Pass)'),
(32, 22, 'BS (GEOLOGY)', 'Bachelor of Science'),
(33, 22, 'MASTER OF PHILOSOPHY', 'Master of Philosophy'),
(34, 23, 'BS (MICROBIOLOGY)', 'Bachelor of Science'),
(35, 23, 'M.Sc. (PASS) MICROBIOLOGY', 'Master of Science (Pass)'),
(36, 24, 'BS (PHYSICS)', 'Bachelor of Science'),
(37, 24, 'M.Sc. (PASS) PHYSICS', 'Master of Science (Pass)'),
(38, 25, 'BS (PHYSIOLOGY)', 'Bachelor of Science'),
(39, 25, 'M.Sc. (PASS) PHYSIOLOGY', 'Master of Science (Pass)'),
(40, 26, 'BS (STATISTICS)', 'Bachelor of Science'),
(41, 26, 'M.Sc. (PASS) STATISTICS', 'Master of Science (Pass)'),
(42, 27, 'BS (ZOOLOGY)', 'Bachelor of Science'),
(43, 27, 'M.Sc. (PASS) ZOOLOGY', 'Master of Science (Pass)'),
(45, 30, 'B.H.P.Ed', 'Bachelor of Health & Physical Education'),
(46, 30, 'M.H.P.Ed', 'Master of Health & Physical Education'),
(47, 29, 'M.Sc. (PASS) HOME ECONOMICS', 'Master of Science (Pass)'),
(48, 29, 'M.A (PASS) WOMEN DEVELOPMENT STUDIES', 'Master of Arts (Pass)'),
(49, 29, 'P.G.D (COMMUNITY DEVELOPMENT)', 'Post Graduate Diploma'),
(50, 31, 'B.A. (HONS) GENERAL HISTORY', 'Bachelor of Arts (Honours)'),
(51, 31, 'M.A. (HONS) GENERAL HISTORY', 'Master of Arts (Honours)'),
(52, 31, 'M.A. (PASS) GENERAL HISTORY', 'Master of Arts (Pass)'),
(53, 32, 'B.A (HONS) INTERNATIONAL RELATIONS', 'Bachelor of Arts (Honours)'),
(54, 32, 'M.A (HONS) INTERNATIONAL RELATIONS', 'Master of Arts (Honours)'),
(55, 32, 'M.A (PASS) INTERNATIONAL RELATIONS', 'Master of Arts (Pass)'),
(56, 33, 'P.G.D (LIBRARY & INFORMATION SCIENCE)', 'Post Graduate Diploma'),
(57, 33, 'MASTER OF LIBRARY & INFORMATION SCIENCE', 'Master of Library & Information Science'),
(58, 34, 'B.A (HONS) MASS COMMUNICATION', 'Bachelor of Arts (Honours)'),
(59, 34, 'M.A (HONS) MASS COMMUNICATION', 'Master of Arts (Honours)'),
(60, 34, 'M.A (PASS) MASS COMMUNICATION', 'Master of Arts (Pass)'),
(61, 36, 'B.A (HONS) POLITICAL SCIENCE', 'Bachelor of Arts (Honours)'),
(62, 57, 'B.A (HONS) ISLAMIC CULTURE', 'Bachelor of Arts (Honours)'),
(63, 57, 'M.A (HONS) ISLAMIC CULTURE', 'Master of Arts (Honours)'),
(64, 57, 'M.A (PASS) ISLAMIC CULTURE', 'Master of Arts (Pass)'),
(65, 57, 'B.A (HONS) COMPARATIVE RELIGION', 'Bachelor of Arts (Honours)'),
(66, 57, 'M.A (HONS) COMPARATIVE RELIGION', 'Master of Arts (Honours)'),
(67, 57, 'M.A (PASS) COMPARATIVE RELIGION', 'Master of Arts (Pass)'),
(68, 58, 'B.A (HONS) MUSLIM HISTORY', 'Bachelor of Arts (Honours)'),
(69, 58, 'M.A (HONS) MUSLIM HISTORY', 'Master of Arts (Honours)'),
(70, 58, 'M.A (PASS) MUSLIM HISTORY', 'Master of Arts (Pass)'),
(71, 36, 'M.A (HONS) POLITICAL SCIENCE', 'Master of Arts (Honours)'),
(72, 36, 'M.A (PASS) POLITICAL SCIENCE', 'Master of Arts (Pass)'),
(73, 37, 'B.A (HONS) PSYCHOLOGY', 'Bachelor of Arts (Honours)'),
(74, 37, 'M.A (PASS) PSYCHOLOGY', 'Master of Arts (Pass)'),
(75, 37, 'M.Sc. (PASS) PSYCHOLOGY', 'Master of Science (Pass)'),
(76, 38, 'B.P.A (HONS)', 'Bachelor of Public Administration (Honours)'),
(77, 38, 'M.P.A (HONS)', 'Master of Public Administration (Honours)'),
(78, 38, 'M.P.A (PASS)', 'Master of Public Administration (Pass)'),
(79, 39, 'B.A (HONS) SOCIOLOGY', 'Bachelor of Arts (Honours)'),
(80, 39, 'M.A (HONS) SOCIOLOGY', 'Master of Arts (Honours)'),
(81, 39, 'M.A (PASS) SOCIOLOGY', 'Master of Arts (Pass)'),
(82, 40, 'B.A (HONS) SOCIAL WORK', 'Bachelor of Arts (Honours)'),
(83, 40, 'M.A (HONS) SOCIAL WORK', 'Master of Arts (Honours)'),
(84, 40, 'M.A (PASS) SOCIAL WORK', 'Master of Arts (Pass)'),
(85, 41, 'M.Sc. (PASS) CRIMINOLOGY', 'Master of Science (Pass)'),
(86, 47, 'B.A (HONS) SINDHI', 'Bachelor of Arts (Honours)'),
(87, 47, 'M.A (HONS) SINDHI', 'Master of Arts (Honours)'),
(88, 47, 'M.A (PASS) SINDHI', 'Master of Arts (Pass)'),
(92, 48, 'B.A (HONS) URDU', 'Bachelor of Arts (Honours)'),
(93, 48, 'M.A (HONS) URDU', 'Master of Arts (Honours)'),
(94, 45, 'B.A (HONS) ENGLISH', 'Bachelor of Arts (Honours)'),
(95, 45, 'M.A (HONS) ENGLISH', 'Master of Arts (Honours)'),
(96, 45, 'M.A (PASS) ENGLISH', 'Master of Arts (Pass)'),
(97, 46, 'B.A (HONS) PHILOSOPHY', 'Bachelor of Arts (Honours)'),
(98, 46, 'M.A (PASS) PHILOSOPHY', 'Master of Arts (Pass)'),
(99, 48, 'M.A (PASS) URDU', 'Master of Arts (Pass)'),
(100, 49, 'B.A (PASS) FINE ARTS', 'Bachelor of Arts (Pass)'),
(101, 49, 'M.A (PASS) FINE ARTS', 'Master of Arts (Pass)'),
(102, 50, 'B.A (HONS) ARABIC', 'Bachelor of Arts (Honours)'),
(103, 50, 'M.A (HONS) ARABIC', 'Master of Arts (Honours)'),
(104, 50, 'M.A (PASS) ARABIC', 'Master of Arts (Pass)'),
(105, 51, 'B.A (HONS) PERSIAN', 'Bachelor of Arts (Honours)'),
(106, 51, 'M.A (HONS) PERSIAN', 'Master of Arts (Honours)'),
(107, 51, 'M.A (PASS) PERSIAN', 'Master of Arts (Pass)'),
(108, 10, 'M.Sc. (PASS) COMPUTER SCIENCE', 'Master of Science (Pass)'),
(109, 2, 'M.B.A (EVENING)', 'Master of Business Administration (Evening)'),
(110, 42, 'B.COM (HONS)', 'Bachelor of Commerce (Honours)'),
(111, 42, 'M.COM (HONS)', 'Master of Commerce (Honours)'),
(112, 42, 'M.COM (PASS)', 'Master of Commerce (Pass)'),
(113, 60, 'BS (BIOCHEMISTRY)', 'Bachelor of Science'),
(114, 60, 'M.Sc. (PASS) BIOCHEMISTRY', 'Master of Science (Pass)'),
(115, 61, 'M.Sc. (PASS) ENVIRONMENTAL SCIENCES', 'Master of Science (Pass)'),
(117, 63, 'DOCTOR OF PHARMACY (PHARM. D)', 'Doctor of Pharmacy'),
(118, 64, 'BS (MATHEMATICS)', 'Bachelor of Science'),
(119, 64, 'M.Sc. (PASS) MATHEMATICS', 'Master of Science (Pass)'),
(120, 37, 'B.Sc. (HONS) PSYCHOLOGY', 'Bachelor of Science (Honours)'),
(123, 10, 'POST GRADUATE DIPLOMA (COMPUTER SCIENCE)', 'Post Graduate Diploma'),
(125, 65, 'M.Sc. (PASS) BIOTECHNOLOGY', 'Master of Science (Pass)'),
(126, 33, 'M.A (PASS) LIBRARY & INFORMATION SCIENCE', 'Master of Arts (Pass)'),
(127, 66, 'M.A. (PASS) PAKISTAN STUDIES', 'Master of Arts (Pass)'),
(134, 67, 'B.Ed', 'Bachelor of Education'),
(135, 67, 'M.Ed', 'Master of Education'),
(136, 67, 'B.A (HONS) EDUCATION', 'Bachelor of Arts (Honours)'),
(137, 67, 'M.A (PASS) EDUCATION', 'Master of Arts (Pass)'),
(138, 37, 'BS (PSYCHOLOGY) SOCIAL SCIENCES', 'Bachelor Studies'),
(139, 49, 'BACHELOR OF DESIGN', 'Bachelor of Design'),
(140, 21, 'B.A (HONS) GEOGRAPHY', 'Bachelor of Arts (Honours)'),
(141, 30, 'BS (PHYSICAL EDUCATION, HEALTH & SPORTS SCIEN', 'Bachelor of Science'),
(142, 1, 'BS (ECONOMICS)', 'Bachelor Studies'),
(143, 34, 'BS (MASS COMMUNICATION)', 'Bachelor Studies'),
(144, 31, 'BS (GENERAL HISTORY)', 'Bachelor Studies'),
(145, 39, 'BS (SOCIOLOGY)', 'Bachelor Studies'),
(146, 32, 'BS (INTERNATIONAL RELATIONS)', 'Bachelor Studies'),
(147, 36, 'BS (POLITICAL SCIENCE)', 'Bachelor Studies'),
(148, 40, 'BS (SOCIAL WORK)', 'Bachelor Studies'),
(149, 16, 'BS (RURAL DEVELOPMENT)', 'Bachelor Studies'),
(150, 38, 'BS (PUBLIC ADMINISTRATION)', 'Bachelor Studies'),
(152, 37, 'BS (PSYCHOLOGY) NATURAL SCIENCES', 'Bachelor Studies'),
(153, 38, 'P.G.D (PUBLIC ADMINISTRATION)', 'Post Graduate Diploma'),
(155, 42, 'BS (COMMERCE)', 'Bachelor Studies'),
(156, 37, 'M.A (HONS) PSYCHOLOGY', 'Master of Arts (Honours)'),
(157, 37, 'M.Sc. (HONS) PSYCHOLOGY', 'Master of Science (Honours)'),
(158, 71, 'M.Sc. (PASS) TELEMEDICINE & E-HEALTH', 'Master of Science (Pass)'),
(159, 72, 'B.B.A (HONS)', 'Bachelor of Business Administration (Hons)'),
(160, 72, 'BS (COMMERCE)', 'Bachelor Studies'),
(161, 72, 'BS (COMPUTER SCIENCE)', 'Bachelor Studies'),
(162, 67, 'M.A (HONS) EDUCATION', 'Master of Arts (Honours)'),
(163, 38, 'M.P.A FINAL (P.G.D SIDE)', 'Master of Public Administration (Pass)'),
(164, 73, 'BS (ANTHROPOLOGY & ARCHAEOLOGY)', 'Bachelor of Science'),
(165, 46, 'M.A (HONS) PHILOSOPHY', 'Master of Arts (Honours)'),
(166, 63, 'ONE YEAR CONDENSED DEFICIENCY COURSE IN PHARM', 'Doctor of Pharmacy'),
(167, 72, 'M.B.A (EVENING)', 'Master of Business Administration (Evening)'),
(168, 74, 'B.Ed', 'Bachelor of Education'),
(169, 45, 'BS (ENGLISH)', 'Bachelor Studies'),
(170, 49, 'BACHELOR OF FINE ARTS', 'Bachelor of Fine Arts'),
(171, 49, 'BACHELOR OF ART HISTORY', 'Bachelor of Art History'),
(172, 75, 'B.Ed', 'Bachelor of Education'),
(173, 76, 'L.L.B', ''),
(174, 47, 'BS (SINDHI)', 'Bachelor Studies'),
(175, 77, 'B.B.A (HONS)', 'Bachelor of Business Administration (Hons)'),
(176, 77, 'BS (COMMERCE)', 'Bachelor Studies'),
(177, 77, 'BS (COMPUTER SCIENCE)', 'Bachelor Studies'),
(178, 77, 'BS (INFORMATION TECHNOLOGY)', 'Bachelor Studies'),
(179, 77, 'BS (GEOLOGY)', 'Bachelor Studies'),
(180, 67, 'ASSOCIATE DEGREE IN EDUCATION (ADE)', 'Associate Degree in Education'),
(181, 78, 'CERTIFICATE COURSE IN MUSIC EDUCATION', 'FOUR MONTHS CERTIFICATE COURSE'),
(182, 78, 'DIPLOMA COURSE IN MUSIC EDUCATION', 'EIGHT MONTHS DIPLOMA COURSE'),
(183, 30, 'BACHELOR OF PHYSICAL EDUCATION, HEALTH & SPOR', 'Bachelor of Physical Education, Health & Spor'),
(184, 30, 'MASTER OF PHYSICAL EDUCATION, HEALTH & SPORTS', 'Master of Physical Education, Health & Sports'),
(185, 67, 'B.ED (HONS) ELEMENTARY', 'Bachelor of Education (Hons) Elementary'),
(186, 42, 'MS (COMMERCE)', 'Master Studies'),
(187, 2, 'MS (BUSINESS ADMINSTRATION)', 'Master Studies'),
(188, 80, 'B.B.A (HONS)', 'Bachelor of Business Administration (Hons)'),
(189, 80, 'BS (INFORMATION TECHNOLOGY)', 'Bachelor Studies'),
(190, 80, 'BS (ENGLISH)', 'Bachelor Studies'),
(191, 80, 'M.B.A (PASS)', 'MASTER OF BUSINESS ADMINISTRATION'),
(192, 80, 'M.B.A (EVENING)', 'MASTER OF BUSINESS ADMINISTRATION'),
(193, 82, 'B.B.A (HONS)', 'Bachelor of Business Administration (Hons)'),
(194, 74, 'M.Ed', 'Master of Education'),
(195, 84, 'B.B.A (HONS)', 'Bachelor of Business Administration (Hons)'),
(196, 84, 'BS (ENGLISH)', 'Bachelor Studies'),
(197, 84, 'BS (COMPUTER SCIENCE)', 'Bachelor Studies'),
(198, 84, 'M.B.A (EVENING)', 'Master of Business Administration (Evening)'),
(199, 85, 'B.B.A (HONS)', 'Bachelor of Business Administration (Hons)'),
(200, 85, 'BS (COMPUTER SCIENCE)', 'Bachelor Studies'),
(201, 85, 'BS (ENGLISH)', 'Bachelor Studies'),
(202, 85, 'M.B.A (EVENING)', 'Master of Business Administration (Evening)'),
(203, 61, 'BS (ENVIRONMENTAL SCIENCES)', 'Bachelor of Science'),
(204, 41, 'BS (CRIMINOLOGY)', 'Bachelor Studies'),
(206, 86, 'BS (NUTRITION & FOOD TECHNOLOGY )', 'Bachelor of Science'),
(207, 76, 'L.L.M', ''),
(208, 1, 'M.S (ECONOMICS)', 'Master'),
(211, 13, 'MS (SOFTWARE ENGINEERING)', 'MSSE--');

-- --------------------------------------------------------

--
-- Table structure for table `rooms`
--

CREATE TABLE IF NOT EXISTS `rooms` (
  `room_id` int(11) NOT NULL AUTO_INCREMENT,
  `dept_id` int(11) NOT NULL,
  `room_name` varchar(20) NOT NULL,
  PRIMARY KEY (`room_id`),
  KEY `dept_id` (`dept_id`)
) ENGINE=InnoDB  DEFAULT CHARSET=latin1 AUTO_INCREMENT=12 ;

--
-- Dumping data for table `rooms`
--

INSERT INTO `rooms` (`room_id`, `dept_id`, `room_name`) VALUES
(3, 13, 'threeasdq23'),
(5, 13, 'six'),
(7, 13, 'two'),
(11, 13, 'one');

-- --------------------------------------------------------

--
-- Table structure for table `shift`
--

CREATE TABLE IF NOT EXISTS `shift` (
  `shift_id` int(11) NOT NULL AUTO_INCREMENT,
  `shift_name` varchar(10) NOT NULL,
  PRIMARY KEY (`shift_id`)
) ENGINE=InnoDB  DEFAULT CHARSET=latin1 AUTO_INCREMENT=3 ;

--
-- Dumping data for table `shift`
--

INSERT INTO `shift` (`shift_id`, `shift_name`) VALUES
(1, 'Morning'),
(2, 'Evening');

-- --------------------------------------------------------

--
-- Table structure for table `teacher`
--

CREATE TABLE IF NOT EXISTS `teacher` (
  `teacher_id` int(11) NOT NULL AUTO_INCREMENT,
  `name` varchar(45) NOT NULL,
  `fname` varchar(45) NOT NULL,
  `surname` varchar(45) DEFAULT NULL,
  `nic` varchar(45) DEFAULT NULL,
  `mobile_no` varchar(45) DEFAULT NULL,
  `password` varchar(45) DEFAULT NULL,
  `pay_scill` varchar(45) DEFAULT NULL,
  `email` varchar(45) DEFAULT NULL,
  `dept_id` int(11) NOT NULL,
  `name_code` varchar(45) DEFAULT NULL,
  PRIMARY KEY (`teacher_id`),
  KEY `fk_teacher_department1_idx` (`dept_id`)
) ENGINE=InnoDB  DEFAULT CHARSET=latin1 AUTO_INCREMENT=24 ;

--
-- Dumping data for table `teacher`
--

INSERT INTO `teacher` (`teacher_id`, `name`, `fname`, `surname`, `nic`, `mobile_no`, `password`, `pay_scill`, `email`, `dept_id`, `name_code`) VALUES
(1, 'kamran', 'Ahmed', 'dahiri', '46578_657385987_7', '03333381136', '1234', '18', 'kamran@yahoo.com', 13, 'kami'),
(3, 'imran', 'kaRIM', 'MEMON', '4330475663953', '03312696140', 'HAFIZ', '19', 'imranmemonali@gmail.com', 13, 'IMK'),
(4, 'Mansoor', 'Manthar Ali', 'Mangi', '43202-04233785', '03337526564', 'hafeezjani', '21', 'mansoor@yahoo.com', 8, 'man'),
(5, 'Umair ', 'Zulfiqar', 'Shaikh', '43104-3848533-5', '03432606772', '2606772', '20', 'virgo_umairshaikh@yahoo.com', 8, '12'),
(6, 'Anil Solanki Rajput', 'Satram', 'Malhi', '44107-3647394-7', '03363093939', 'jmalhi', '17', 'anilmalhi719@gmail.com', 13, 'ASR'),
(7, 'mansoor ahmed', 'imtiaz', 'mughal', '4340204202869', '03333175616', 'god', '22', 'mansurmughal@yahoo.com', 13, 'manu'),
(8, 'Hafeez ahmed', 'Ghulam', 'khokhar', '41201_8222053_7', '03133294392', 'hafeez', '20', 'hafeezahmed.khokhar26@yahoo.com', 13, 'Haf'),
(9, 'saddam muhammed', 'hafiz', 'Channa', '41201-8550108-9', '03443244349', 'esaddam', '17', 'channasadda..swe@gmail.com', 13, 'sad'),
(10, 'Abdul Qayum', 'Muhammad Usman ', 'khuhro', '45208-2572715-3', '03451440733', 'qayoom', '17', 'Qayum_2k10@hotmail.com', 8, '05145'),
(16, 'imran', 'kaRIM', 'MEMON', '4330475663953', '03312696140', 'HAFIZ', '19', 'imranmemonali@gmail.com', 13, 'IMK'),
(21, 'saqib', 'mushtaq', 'soomro', '78979', '7897979', '7987987', '987987', '987987', 13, 'saqib'),
(22, 'raja', 'raja', 'raja', 'sdlfkjlkj', 'l', 'jlk', 'jlkj', 'lkj', 13, 'ljlkj'),
(23, 'jay', 'dharam das', 'kumar', '123', '456', '123', '18', 'jay@gmail.com', 1, 'j');

-- --------------------------------------------------------

--
-- Table structure for table `time`
--

CREATE TABLE IF NOT EXISTS `time` (
  `time_id` int(11) NOT NULL AUTO_INCREMENT,
  `department_id` int(11) NOT NULL,
  `time` varchar(45) NOT NULL,
  `remarks` varchar(45) DEFAULT NULL,
  `shift_id` int(11) NOT NULL,
  PRIMARY KEY (`time_id`),
  KEY `department_id` (`department_id`),
  KEY `shift_id` (`shift_id`)
) ENGINE=InnoDB  DEFAULT CHARSET=latin1 AUTO_INCREMENT=1265 ;

--
-- Dumping data for table `time`
--

INSERT INTO `time` (`time_id`, `department_id`, `time`, `remarks`, `shift_id`) VALUES
(1, 13, '8:30 TO 9:20', NULL, 1),
(2, 13, '9:20 TO 10:10', NULL, 1),
(3, 13, '10:10 TO 11:00', NULL, 1),
(4, 13, '11:00 TO 11:50', NULL, 1),
(5, 13, '11:50 TO 12:40', NULL, 1),
(6, 13, '12:40 TO 1:30', NULL, 1),
(7, 13, '1:30 TO 2:20', NULL, 1),
(8, 13, '2:20 TO 3:00', NULL, 1),
(9, 12, '', NULL, 1),
(10, 14, '', NULL, 1),
(11, 15, '', NULL, 1),
(12, 16, '', NULL, 1),
(13, 17, '', NULL, 1),
(14, 18, '', NULL, 1),
(15, 19, '', NULL, 1),
(16, 20, '', NULL, 1),
(17, 21, '', NULL, 1),
(18, 22, '', NULL, 1),
(19, 23, '', NULL, 1),
(20, 24, '', NULL, 1),
(21, 25, '', NULL, 1),
(22, 26, '', NULL, 1),
(23, 27, '', NULL, 1),
(24, 28, '', NULL, 1),
(25, 29, '', NULL, 1),
(26, 30, '', NULL, 1),
(27, 31, '', NULL, 1),
(28, 32, '', NULL, 1),
(29, 33, '', NULL, 1),
(30, 34, '', NULL, 1),
(31, 35, '', NULL, 1),
(32, 36, '', NULL, 1),
(33, 37, '', NULL, 1),
(34, 38, '', NULL, 1),
(35, 39, '', NULL, 1),
(36, 40, '', NULL, 1),
(37, 41, '', NULL, 1),
(38, 42, '', NULL, 1),
(39, 43, '', NULL, 1),
(40, 44, '', NULL, 1),
(41, 45, '', NULL, 1),
(42, 46, '', NULL, 1),
(43, 47, '', NULL, 1),
(44, 48, '', NULL, 1),
(45, 49, '', NULL, 1),
(46, 50, '', NULL, 1),
(47, 51, '', NULL, 1),
(48, 57, '', NULL, 1),
(49, 58, '', NULL, 1),
(50, 59, '', NULL, 1),
(51, 60, '', NULL, 1),
(52, 61, '', NULL, 1),
(53, 62, '', NULL, 1),
(54, 63, '', NULL, 1),
(55, 64, '', NULL, 1),
(56, 65, '', NULL, 1),
(57, 66, '', NULL, 1),
(58, 67, '', NULL, 1),
(59, 68, '', NULL, 1),
(60, 69, '', NULL, 1),
(61, 70, '', NULL, 1),
(62, 71, '', NULL, 1),
(63, 72, '', NULL, 1),
(64, 73, '', NULL, 1),
(65, 74, '', NULL, 1),
(66, 75, '', NULL, 1),
(67, 76, '', NULL, 1),
(68, 77, '', NULL, 1),
(69, 78, '', NULL, 1),
(70, 79, '', NULL, 1),
(71, 80, '', NULL, 1),
(72, 81, '', NULL, 1),
(73, 82, '', NULL, 1),
(74, 83, '', NULL, 1),
(75, 84, '', NULL, 1),
(76, 85, '', NULL, 1),
(77, 86, '', NULL, 1),
(78, 1, '', NULL, 1),
(79, 2, '', NULL, 1),
(80, 3, '', NULL, 1),
(81, 6, '', NULL, 1),
(82, 7, '', NULL, 1),
(83, 8, '', NULL, 1),
(84, 9, '', NULL, 1),
(85, 10, '', NULL, 1),
(86, 11, '', NULL, 1),
(87, 12, '', NULL, 1),
(88, 14, '', NULL, 1),
(89, 15, '', NULL, 1),
(90, 16, '', NULL, 1),
(91, 17, '', NULL, 1),
(92, 18, '', NULL, 1),
(93, 19, '', NULL, 1),
(94, 20, '', NULL, 1),
(95, 21, '', NULL, 1),
(96, 22, '', NULL, 1),
(97, 23, '', NULL, 1),
(98, 24, '', NULL, 1),
(99, 25, '', NULL, 1),
(100, 26, '', NULL, 1),
(101, 27, '', NULL, 1),
(102, 28, '', NULL, 1),
(103, 29, '', NULL, 1),
(104, 30, '', NULL, 1),
(105, 31, '', NULL, 1),
(106, 32, '', NULL, 1),
(107, 33, '', NULL, 1),
(108, 34, '', NULL, 1),
(109, 35, '', NULL, 1),
(110, 36, '', NULL, 1),
(111, 37, '', NULL, 1),
(112, 38, '', NULL, 1),
(113, 39, '', NULL, 1),
(114, 40, '', NULL, 1),
(115, 41, '', NULL, 1),
(116, 42, '', NULL, 1),
(117, 43, '', NULL, 1),
(118, 44, '', NULL, 1),
(119, 45, '', NULL, 1),
(120, 46, '', NULL, 1),
(121, 47, '', NULL, 1),
(122, 48, '', NULL, 1),
(123, 49, '', NULL, 1),
(124, 50, '', NULL, 1),
(125, 51, '', NULL, 1),
(126, 57, '', NULL, 1),
(127, 58, '', NULL, 1),
(128, 59, '', NULL, 1),
(129, 60, '', NULL, 1),
(130, 61, '', NULL, 1),
(131, 62, '', NULL, 1),
(132, 63, '', NULL, 1),
(133, 64, '', NULL, 1),
(134, 65, '', NULL, 1),
(135, 66, '', NULL, 1),
(136, 67, '', NULL, 1),
(137, 68, '', NULL, 1),
(138, 69, '', NULL, 1),
(139, 70, '', NULL, 1),
(140, 71, '', NULL, 1),
(141, 72, '', NULL, 1),
(142, 73, '', NULL, 1),
(143, 74, '', NULL, 1),
(144, 75, '', NULL, 1),
(145, 76, '', NULL, 1),
(146, 77, '', NULL, 1),
(147, 78, '', NULL, 1),
(148, 79, '', NULL, 1),
(149, 80, '', NULL, 1),
(150, 81, '', NULL, 1),
(151, 82, '', NULL, 1),
(152, 83, '', NULL, 1),
(153, 84, '', NULL, 1),
(154, 85, '', NULL, 1),
(155, 86, '', NULL, 1),
(156, 1, '', NULL, 1),
(157, 2, '', NULL, 1),
(158, 3, '', NULL, 1),
(159, 6, '', NULL, 1),
(160, 7, '', NULL, 1),
(161, 8, '', NULL, 1),
(162, 9, '', NULL, 1),
(163, 10, '', NULL, 1),
(164, 11, '', NULL, 1),
(165, 12, '', NULL, 1),
(166, 14, '', NULL, 1),
(167, 15, '', NULL, 1),
(168, 16, '', NULL, 1),
(169, 17, '', NULL, 1),
(170, 18, '', NULL, 1),
(171, 19, '', NULL, 1),
(172, 20, '', NULL, 1),
(173, 21, '', NULL, 1),
(174, 22, '', NULL, 1),
(175, 23, '', NULL, 1),
(176, 24, '', NULL, 1),
(177, 25, '', NULL, 1),
(178, 26, '', NULL, 1),
(179, 27, '', NULL, 1),
(180, 28, '', NULL, 1),
(181, 29, '', NULL, 1),
(182, 30, '', NULL, 1),
(183, 31, '', NULL, 1),
(184, 32, '', NULL, 1),
(185, 33, '', NULL, 1),
(186, 34, '', NULL, 1),
(187, 35, '', NULL, 1),
(188, 36, '', NULL, 1),
(189, 37, '', NULL, 1),
(190, 38, '', NULL, 1),
(191, 39, '', NULL, 1),
(192, 40, '', NULL, 1),
(193, 41, '', NULL, 1),
(194, 42, '', NULL, 1),
(195, 43, '', NULL, 1),
(196, 44, '', NULL, 1),
(197, 45, '', NULL, 1),
(198, 46, '', NULL, 1),
(199, 47, '', NULL, 1),
(200, 48, '', NULL, 1),
(201, 49, '', NULL, 1),
(202, 50, '', NULL, 1),
(203, 51, '', NULL, 1),
(204, 57, '', NULL, 1),
(205, 58, '', NULL, 1),
(206, 59, '', NULL, 1),
(207, 60, '', NULL, 1),
(208, 61, '', NULL, 1),
(209, 62, '', NULL, 1),
(210, 63, '', NULL, 1),
(211, 64, '', NULL, 1),
(212, 65, '', NULL, 1),
(213, 66, '', NULL, 1),
(214, 67, '', NULL, 1),
(215, 68, '', NULL, 1),
(216, 69, '', NULL, 1),
(217, 70, '', NULL, 1),
(218, 71, '', NULL, 1),
(219, 72, '', NULL, 1),
(220, 73, '', NULL, 1),
(221, 74, '', NULL, 1),
(222, 75, '', NULL, 1),
(223, 76, '', NULL, 1),
(224, 77, '', NULL, 1),
(225, 78, '', NULL, 1),
(226, 79, '', NULL, 1),
(227, 80, '', NULL, 1),
(228, 81, '', NULL, 1),
(229, 82, '', NULL, 1),
(230, 83, '', NULL, 1),
(231, 84, '', NULL, 1),
(232, 85, '', NULL, 1),
(233, 86, '', NULL, 1),
(234, 1, '', NULL, 1),
(235, 2, '', NULL, 1),
(236, 3, '', NULL, 1),
(237, 6, '', NULL, 1),
(238, 7, '', NULL, 1),
(239, 8, '', NULL, 1),
(240, 9, '', NULL, 1),
(241, 10, '', NULL, 1),
(242, 11, '', NULL, 1),
(243, 12, '', NULL, 1),
(244, 14, '', NULL, 1),
(245, 15, '', NULL, 1),
(246, 16, '', NULL, 1),
(247, 17, '', NULL, 1),
(248, 18, '', NULL, 1),
(249, 19, '', NULL, 1),
(250, 20, '', NULL, 1),
(251, 21, '', NULL, 1),
(252, 22, '', NULL, 1),
(253, 23, '', NULL, 1),
(254, 24, '', NULL, 1),
(255, 25, '', NULL, 1),
(256, 26, '', NULL, 1),
(257, 27, '', NULL, 1),
(258, 28, '', NULL, 1),
(259, 29, '', NULL, 1),
(260, 30, '', NULL, 1),
(261, 31, '', NULL, 1),
(262, 32, '', NULL, 1),
(263, 33, '', NULL, 1),
(264, 34, '', NULL, 1),
(265, 35, '', NULL, 1),
(266, 36, '', NULL, 1),
(267, 37, '', NULL, 1),
(268, 38, '', NULL, 1),
(269, 39, '', NULL, 1),
(270, 40, '', NULL, 1),
(271, 41, '', NULL, 1),
(272, 42, '', NULL, 1),
(273, 43, '', NULL, 1),
(274, 44, '', NULL, 1),
(275, 45, '', NULL, 1),
(276, 46, '', NULL, 1),
(277, 47, '', NULL, 1),
(278, 48, '', NULL, 1),
(279, 49, '', NULL, 1),
(280, 50, '', NULL, 1),
(281, 51, '', NULL, 1),
(282, 57, '', NULL, 1),
(283, 58, '', NULL, 1),
(284, 59, '', NULL, 1),
(285, 60, '', NULL, 1),
(286, 61, '', NULL, 1),
(287, 62, '', NULL, 1),
(288, 63, '', NULL, 1),
(289, 64, '', NULL, 1),
(290, 65, '', NULL, 1),
(291, 66, '', NULL, 1),
(292, 67, '', NULL, 1),
(293, 68, '', NULL, 1),
(294, 69, '', NULL, 1),
(295, 70, '', NULL, 1),
(296, 71, '', NULL, 1),
(297, 72, '', NULL, 1),
(298, 73, '', NULL, 1),
(299, 74, '', NULL, 1),
(300, 75, '', NULL, 1),
(301, 76, '', NULL, 1),
(302, 77, '', NULL, 1),
(303, 78, '', NULL, 1),
(304, 79, '', NULL, 1),
(305, 80, '', NULL, 1),
(306, 81, '', NULL, 1),
(307, 82, '', NULL, 1),
(308, 83, '', NULL, 1),
(309, 84, '', NULL, 1),
(310, 85, '', NULL, 1),
(311, 86, '', NULL, 1),
(312, 1, '', NULL, 1),
(313, 2, '', NULL, 1),
(314, 3, '', NULL, 1),
(315, 6, '', NULL, 1),
(316, 7, '', NULL, 1),
(317, 8, '', NULL, 1),
(318, 9, '', NULL, 1),
(319, 10, '', NULL, 1),
(320, 11, '', NULL, 1),
(321, 12, '', NULL, 1),
(322, 14, '', NULL, 1),
(323, 15, '', NULL, 1),
(324, 16, '', NULL, 1),
(325, 17, '', NULL, 1),
(326, 18, '', NULL, 1),
(327, 19, '', NULL, 1),
(328, 20, '', NULL, 1),
(329, 21, '', NULL, 1),
(330, 22, '', NULL, 1),
(331, 23, '', NULL, 1),
(332, 24, '', NULL, 1),
(333, 25, '', NULL, 1),
(334, 26, '', NULL, 1),
(335, 27, '', NULL, 1),
(336, 28, '', NULL, 1),
(337, 29, '', NULL, 1),
(338, 30, '', NULL, 1),
(339, 31, '', NULL, 1),
(340, 32, '', NULL, 1),
(341, 33, '', NULL, 1),
(342, 34, '', NULL, 1),
(343, 35, '', NULL, 1),
(344, 36, '', NULL, 1),
(345, 37, '', NULL, 1),
(346, 38, '', NULL, 1),
(347, 39, '', NULL, 1),
(348, 40, '', NULL, 1),
(349, 41, '', NULL, 1),
(350, 42, '', NULL, 1),
(351, 43, '', NULL, 1),
(352, 44, '', NULL, 1),
(353, 45, '', NULL, 1),
(354, 46, '', NULL, 1),
(355, 47, '', NULL, 1),
(356, 48, '', NULL, 1),
(357, 49, '', NULL, 1),
(358, 50, '', NULL, 1),
(359, 51, '', NULL, 1),
(360, 57, '', NULL, 1),
(361, 58, '', NULL, 1),
(362, 59, '', NULL, 1),
(363, 60, '', NULL, 1),
(364, 61, '', NULL, 1),
(365, 62, '', NULL, 1),
(366, 63, '', NULL, 1),
(367, 64, '', NULL, 1),
(368, 65, '', NULL, 1),
(369, 66, '', NULL, 1),
(370, 67, '', NULL, 1),
(371, 68, '', NULL, 1),
(372, 69, '', NULL, 1),
(373, 70, '', NULL, 1),
(374, 71, '', NULL, 1),
(375, 72, '', NULL, 1),
(376, 73, '', NULL, 1),
(377, 74, '', NULL, 1),
(378, 75, '', NULL, 1),
(379, 76, '', NULL, 1),
(380, 77, '', NULL, 1),
(381, 78, '', NULL, 1),
(382, 79, '', NULL, 1),
(383, 80, '', NULL, 1),
(384, 81, '', NULL, 1),
(385, 82, '', NULL, 1),
(386, 83, '', NULL, 1),
(387, 84, '', NULL, 1),
(388, 85, '', NULL, 1),
(389, 86, '', NULL, 1),
(390, 1, '', NULL, 1),
(391, 2, '', NULL, 1),
(392, 3, '', NULL, 1),
(393, 6, '', NULL, 1),
(394, 7, '', NULL, 1),
(395, 8, '', NULL, 1),
(396, 9, '', NULL, 1),
(397, 10, '', NULL, 1),
(398, 11, '', NULL, 1),
(399, 12, '', NULL, 1),
(400, 14, '', NULL, 1),
(401, 15, '', NULL, 1),
(402, 16, '', NULL, 1),
(403, 17, '', NULL, 1),
(404, 18, '', NULL, 1),
(405, 19, '', NULL, 1),
(406, 20, '', NULL, 1),
(407, 21, '', NULL, 1),
(408, 22, '', NULL, 1),
(409, 23, '', NULL, 1),
(410, 24, '', NULL, 1),
(411, 25, '', NULL, 1),
(412, 26, '', NULL, 1),
(413, 27, '', NULL, 1),
(414, 28, '', NULL, 1),
(415, 29, '', NULL, 1),
(416, 30, '', NULL, 1),
(417, 31, '', NULL, 1),
(418, 32, '', NULL, 1),
(419, 33, '', NULL, 1),
(420, 34, '', NULL, 1),
(421, 35, '', NULL, 1),
(422, 36, '', NULL, 1),
(423, 37, '', NULL, 1),
(424, 38, '', NULL, 1),
(425, 39, '', NULL, 1),
(426, 40, '', NULL, 1),
(427, 41, '', NULL, 1),
(428, 42, '', NULL, 1),
(429, 43, '', NULL, 1),
(430, 44, '', NULL, 1),
(431, 45, '', NULL, 1),
(432, 46, '', NULL, 1),
(433, 47, '', NULL, 1),
(434, 48, '', NULL, 1),
(435, 49, '', NULL, 1),
(436, 50, '', NULL, 1),
(437, 51, '', NULL, 1),
(438, 57, '', NULL, 1),
(439, 58, '', NULL, 1),
(440, 59, '', NULL, 1),
(441, 60, '', NULL, 1),
(442, 61, '', NULL, 1),
(443, 62, '', NULL, 1),
(444, 63, '', NULL, 1),
(445, 64, '', NULL, 1),
(446, 65, '', NULL, 1),
(447, 66, '', NULL, 1),
(448, 67, '', NULL, 1),
(449, 68, '', NULL, 1),
(450, 69, '', NULL, 1),
(451, 70, '', NULL, 1),
(452, 71, '', NULL, 1),
(453, 72, '', NULL, 1),
(454, 73, '', NULL, 1),
(455, 74, '', NULL, 1),
(456, 75, '', NULL, 1),
(457, 76, '', NULL, 1),
(458, 77, '', NULL, 1),
(459, 78, '', NULL, 1),
(460, 79, '', NULL, 1),
(461, 80, '', NULL, 1),
(462, 81, '', NULL, 1),
(463, 82, '', NULL, 1),
(464, 83, '', NULL, 1),
(465, 84, '', NULL, 1),
(466, 85, '', NULL, 1),
(467, 86, '', NULL, 1),
(468, 1, '', NULL, 1),
(469, 2, '', NULL, 1),
(470, 3, '', NULL, 1),
(471, 6, '', NULL, 1),
(472, 7, '', NULL, 1),
(473, 8, '', NULL, 1),
(474, 9, '', NULL, 1),
(475, 10, '', NULL, 1),
(476, 11, '', NULL, 1),
(477, 12, '', NULL, 1),
(478, 14, '', NULL, 1),
(479, 15, '', NULL, 1),
(480, 16, '', NULL, 1),
(481, 17, '', NULL, 1),
(482, 18, '', NULL, 1),
(483, 19, '', NULL, 1),
(484, 20, '', NULL, 1),
(485, 21, '', NULL, 1),
(486, 22, '', NULL, 1),
(487, 23, '', NULL, 1),
(488, 24, '', NULL, 1),
(489, 25, '', NULL, 1),
(490, 26, '', NULL, 1),
(491, 27, '', NULL, 1),
(492, 28, '', NULL, 1),
(493, 29, '', NULL, 1),
(494, 30, '', NULL, 1),
(495, 31, '', NULL, 1),
(496, 32, '', NULL, 1),
(497, 33, '', NULL, 1),
(498, 34, '', NULL, 1),
(499, 35, '', NULL, 1),
(500, 36, '', NULL, 1),
(501, 37, '', NULL, 1),
(502, 38, '', NULL, 1),
(503, 39, '', NULL, 1),
(504, 40, '', NULL, 1),
(505, 41, '', NULL, 1),
(506, 42, '', NULL, 1),
(507, 43, '', NULL, 1),
(508, 44, '', NULL, 1),
(509, 45, '', NULL, 1),
(510, 46, '', NULL, 1),
(511, 47, '', NULL, 1),
(512, 48, '', NULL, 1),
(513, 49, '', NULL, 1),
(514, 50, '', NULL, 1),
(515, 51, '', NULL, 1),
(516, 57, '', NULL, 1),
(517, 58, '', NULL, 1),
(518, 59, '', NULL, 1),
(519, 60, '', NULL, 1),
(520, 61, '', NULL, 1),
(521, 62, '', NULL, 1),
(522, 63, '', NULL, 1),
(523, 64, '', NULL, 1),
(524, 65, '', NULL, 1),
(525, 66, '', NULL, 1),
(526, 67, '', NULL, 1),
(527, 68, '', NULL, 1),
(528, 69, '', NULL, 1),
(529, 70, '', NULL, 1),
(530, 71, '', NULL, 1),
(531, 72, '', NULL, 1),
(532, 73, '', NULL, 1),
(533, 74, '', NULL, 1),
(534, 75, '', NULL, 1),
(535, 76, '', NULL, 1),
(536, 77, '', NULL, 1),
(537, 78, '', NULL, 1),
(538, 79, '', NULL, 1),
(539, 80, '', NULL, 1),
(540, 81, '', NULL, 1),
(541, 82, '', NULL, 1),
(542, 83, '', NULL, 1),
(543, 84, '', NULL, 1),
(544, 85, '', NULL, 1),
(545, 86, '', NULL, 1),
(546, 1, '', NULL, 1),
(547, 2, '', NULL, 1),
(548, 3, '', NULL, 1),
(549, 6, '', NULL, 1),
(550, 7, '', NULL, 1),
(551, 8, '', NULL, 1),
(552, 9, '', NULL, 1),
(553, 10, '', NULL, 1),
(554, 11, '', NULL, 1),
(555, 12, '', NULL, 1),
(556, 14, '', NULL, 1),
(557, 15, '', NULL, 1),
(558, 16, '', NULL, 1),
(559, 17, '', NULL, 1),
(560, 18, '', NULL, 1),
(561, 19, '', NULL, 1),
(562, 20, '', NULL, 1),
(563, 21, '', NULL, 1),
(564, 22, '', NULL, 1),
(565, 23, '', NULL, 1),
(566, 24, '', NULL, 1),
(567, 25, '', NULL, 1),
(568, 26, '', NULL, 1),
(569, 27, '', NULL, 1),
(570, 28, '', NULL, 1),
(571, 29, '', NULL, 1),
(572, 30, '', NULL, 1),
(573, 31, '', NULL, 1),
(574, 32, '', NULL, 1),
(575, 33, '', NULL, 1),
(576, 34, '', NULL, 1),
(577, 35, '', NULL, 1),
(578, 36, '', NULL, 1),
(579, 37, '', NULL, 1),
(580, 38, '', NULL, 1),
(581, 39, '', NULL, 1),
(582, 40, '', NULL, 1),
(583, 41, '', NULL, 1),
(584, 42, '', NULL, 1),
(585, 43, '', NULL, 1),
(586, 44, '', NULL, 1),
(587, 45, '', NULL, 1),
(588, 46, '', NULL, 1),
(589, 47, '', NULL, 1),
(590, 48, '', NULL, 1),
(591, 49, '', NULL, 1),
(592, 50, '', NULL, 1),
(593, 51, '', NULL, 1),
(594, 57, '', NULL, 1),
(595, 58, '', NULL, 1),
(596, 59, '', NULL, 1),
(597, 60, '', NULL, 1),
(598, 61, '', NULL, 1),
(599, 62, '', NULL, 1),
(600, 63, '', NULL, 1),
(601, 64, '', NULL, 1),
(602, 65, '', NULL, 1),
(603, 66, '', NULL, 1),
(604, 67, '', NULL, 1),
(605, 68, '', NULL, 1),
(606, 69, '', NULL, 1),
(607, 70, '', NULL, 1),
(608, 71, '', NULL, 1),
(609, 72, '', NULL, 1),
(610, 73, '', NULL, 1),
(611, 74, '', NULL, 1),
(612, 75, '', NULL, 1),
(613, 76, '', NULL, 1),
(614, 77, '', NULL, 1),
(615, 78, '', NULL, 1),
(616, 79, '', NULL, 1),
(617, 80, '', NULL, 1),
(618, 81, '', NULL, 1),
(619, 82, '', NULL, 1),
(620, 83, '', NULL, 1),
(621, 84, '', NULL, 1),
(622, 85, '', NULL, 1),
(623, 86, '', NULL, 1),
(624, 1, '', NULL, 1),
(625, 2, '', NULL, 1),
(626, 3, '', NULL, 1),
(627, 6, '', NULL, 1),
(628, 7, '', NULL, 1),
(629, 8, '', NULL, 1),
(630, 9, '', NULL, 1),
(631, 10, '', NULL, 1),
(632, 11, '', NULL, 1),
(633, 13, '5:30 TO 6:20', NULL, 2),
(634, 13, '6:20 TO 7:10', NULL, 2),
(635, 13, '7:10 TO 8:00', NULL, 2),
(636, 13, '8:00 TO 8:50', NULL, 2),
(637, 13, '8:50 TO 9:40', NULL, 2),
(638, 13, '9:40 TO 10:30', NULL, 2),
(639, 13, '10:30 TO 11:20', NULL, 2),
(640, 13, '11:20 TO 12:00', NULL, 2),
(641, 12, '', NULL, 2),
(642, 14, '', NULL, 2),
(643, 15, '', NULL, 2),
(644, 16, '', NULL, 2),
(645, 17, '', NULL, 2),
(646, 18, '', NULL, 2),
(647, 19, '', NULL, 2),
(648, 20, '', NULL, 2),
(649, 21, '', NULL, 2),
(650, 22, '', NULL, 2),
(651, 23, '', NULL, 2),
(652, 24, '', NULL, 2),
(653, 25, '', NULL, 2),
(654, 26, '', NULL, 2),
(655, 27, '', NULL, 2),
(656, 28, '', NULL, 2),
(657, 29, '', NULL, 2),
(658, 30, '', NULL, 2),
(659, 31, '', NULL, 2),
(660, 32, '', NULL, 2),
(661, 33, '', NULL, 2),
(662, 34, '', NULL, 2),
(663, 35, '', NULL, 2),
(664, 36, '', NULL, 2),
(665, 37, '', NULL, 2),
(666, 38, '', NULL, 2),
(667, 39, '', NULL, 2),
(668, 40, '', NULL, 2),
(669, 41, '', NULL, 2),
(670, 42, '', NULL, 2),
(671, 43, '', NULL, 2),
(672, 44, '', NULL, 2),
(673, 45, '', NULL, 2),
(674, 46, '', NULL, 2),
(675, 47, '', NULL, 2),
(676, 48, '', NULL, 2),
(677, 49, '', NULL, 2),
(678, 50, '', NULL, 2),
(679, 51, '', NULL, 2),
(680, 57, '', NULL, 2),
(681, 58, '', NULL, 2),
(682, 59, '', NULL, 2),
(683, 60, '', NULL, 2),
(684, 61, '', NULL, 2),
(685, 62, '', NULL, 2),
(686, 63, '', NULL, 2),
(687, 64, '', NULL, 2),
(688, 65, '', NULL, 2),
(689, 66, '', NULL, 2),
(690, 67, '', NULL, 2),
(691, 68, '', NULL, 2),
(692, 69, '', NULL, 2),
(693, 70, '', NULL, 2),
(694, 71, '', NULL, 2),
(695, 72, '', NULL, 2),
(696, 73, '', NULL, 2),
(697, 74, '', NULL, 2),
(698, 75, '', NULL, 2),
(699, 76, '', NULL, 2),
(700, 77, '', NULL, 2),
(701, 78, '', NULL, 2),
(702, 79, '', NULL, 2),
(703, 80, '', NULL, 2),
(704, 81, '', NULL, 2),
(705, 82, '', NULL, 2),
(706, 83, '', NULL, 2),
(707, 84, '', NULL, 2),
(708, 85, '', NULL, 2),
(709, 86, '', NULL, 2),
(710, 1, '', NULL, 2),
(711, 2, '', NULL, 2),
(712, 3, '', NULL, 2),
(713, 6, '', NULL, 2),
(714, 7, '', NULL, 2),
(715, 8, '', NULL, 2),
(716, 9, '', NULL, 2),
(717, 10, '', NULL, 2),
(718, 11, '', NULL, 2),
(719, 12, '', NULL, 2),
(720, 14, '', NULL, 2),
(721, 15, '', NULL, 2),
(722, 16, '', NULL, 2),
(723, 17, '', NULL, 2),
(724, 18, '', NULL, 2),
(725, 19, '', NULL, 2),
(726, 20, '', NULL, 2),
(727, 21, '', NULL, 2),
(728, 22, '', NULL, 2),
(729, 23, '', NULL, 2),
(730, 24, '', NULL, 2),
(731, 25, '', NULL, 2),
(732, 26, '', NULL, 2),
(733, 27, '', NULL, 2),
(734, 28, '', NULL, 2),
(735, 29, '', NULL, 2),
(736, 30, '', NULL, 2),
(737, 31, '', NULL, 2),
(738, 32, '', NULL, 2),
(739, 33, '', NULL, 2),
(740, 34, '', NULL, 2),
(741, 35, '', NULL, 2),
(742, 36, '', NULL, 2),
(743, 37, '', NULL, 2),
(744, 38, '', NULL, 2),
(745, 39, '', NULL, 2),
(746, 40, '', NULL, 2),
(747, 41, '', NULL, 2),
(748, 42, '', NULL, 2),
(749, 43, '', NULL, 2),
(750, 44, '', NULL, 2),
(751, 45, '', NULL, 2),
(752, 46, '', NULL, 2),
(753, 47, '', NULL, 2),
(754, 48, '', NULL, 2),
(755, 49, '', NULL, 2),
(756, 50, '', NULL, 2),
(757, 51, '', NULL, 2),
(758, 57, '', NULL, 2),
(759, 58, '', NULL, 2),
(760, 59, '', NULL, 2),
(761, 60, '', NULL, 2),
(762, 61, '', NULL, 2),
(763, 62, '', NULL, 2),
(764, 63, '', NULL, 2),
(765, 64, '', NULL, 2),
(766, 65, '', NULL, 2),
(767, 66, '', NULL, 2),
(768, 67, '', NULL, 2),
(769, 68, '', NULL, 2),
(770, 69, '', NULL, 2),
(771, 70, '', NULL, 2),
(772, 71, '', NULL, 2),
(773, 72, '', NULL, 2),
(774, 73, '', NULL, 2),
(775, 74, '', NULL, 2),
(776, 75, '', NULL, 2),
(777, 76, '', NULL, 2),
(778, 77, '', NULL, 2),
(779, 78, '', NULL, 2),
(780, 79, '', NULL, 2),
(781, 80, '', NULL, 2),
(782, 81, '', NULL, 2),
(783, 82, '', NULL, 2),
(784, 83, '', NULL, 2),
(785, 84, '', NULL, 2),
(786, 85, '', NULL, 2),
(787, 86, '', NULL, 2),
(788, 1, '', NULL, 2),
(789, 2, '', NULL, 2),
(790, 3, '', NULL, 2),
(791, 6, '', NULL, 2),
(792, 7, '', NULL, 2),
(793, 8, '', NULL, 2),
(794, 9, '', NULL, 2),
(795, 10, '', NULL, 2),
(796, 11, '', NULL, 2),
(797, 12, '', NULL, 2),
(798, 14, '', NULL, 2),
(799, 15, '', NULL, 2),
(800, 16, '', NULL, 2),
(801, 17, '', NULL, 2),
(802, 18, '', NULL, 2),
(803, 19, '', NULL, 2),
(804, 20, '', NULL, 2),
(805, 21, '', NULL, 2),
(806, 22, '', NULL, 2),
(807, 23, '', NULL, 2),
(808, 24, '', NULL, 2),
(809, 25, '', NULL, 2),
(810, 26, '', NULL, 2),
(811, 27, '', NULL, 2),
(812, 28, '', NULL, 2),
(813, 29, '', NULL, 2),
(814, 30, '', NULL, 2),
(815, 31, '', NULL, 2),
(816, 32, '', NULL, 2),
(817, 33, '', NULL, 2),
(818, 34, '', NULL, 2),
(819, 35, '', NULL, 2),
(820, 36, '', NULL, 2),
(821, 37, '', NULL, 2),
(822, 38, '', NULL, 2),
(823, 39, '', NULL, 2),
(824, 40, '', NULL, 2),
(825, 41, '', NULL, 2),
(826, 42, '', NULL, 2),
(827, 43, '', NULL, 2),
(828, 44, '', NULL, 2),
(829, 45, '', NULL, 2),
(830, 46, '', NULL, 2),
(831, 47, '', NULL, 2),
(832, 48, '', NULL, 2),
(833, 49, '', NULL, 2),
(834, 50, '', NULL, 2),
(835, 51, '', NULL, 2),
(836, 57, '', NULL, 2),
(837, 58, '', NULL, 2),
(838, 59, '', NULL, 2),
(839, 60, '', NULL, 2),
(840, 61, '', NULL, 2),
(841, 62, '', NULL, 2),
(842, 63, '', NULL, 2),
(843, 64, '', NULL, 2),
(844, 65, '', NULL, 2),
(845, 66, '', NULL, 2),
(846, 67, '', NULL, 2),
(847, 68, '', NULL, 2),
(848, 69, '', NULL, 2),
(849, 70, '', NULL, 2),
(850, 71, '', NULL, 2),
(851, 72, '', NULL, 2),
(852, 73, '', NULL, 2),
(853, 74, '', NULL, 2),
(854, 75, '', NULL, 2),
(855, 76, '', NULL, 2),
(856, 77, '', NULL, 2),
(857, 78, '', NULL, 2),
(858, 79, '', NULL, 2),
(859, 80, '', NULL, 2),
(860, 81, '', NULL, 2),
(861, 82, '', NULL, 2),
(862, 83, '', NULL, 2),
(863, 84, '', NULL, 2),
(864, 85, '', NULL, 2),
(865, 86, '', NULL, 2),
(866, 1, '', NULL, 2),
(867, 2, '', NULL, 2),
(868, 3, '', NULL, 2),
(869, 6, '', NULL, 2),
(870, 7, '', NULL, 2),
(871, 8, '', NULL, 2),
(872, 9, '', NULL, 2),
(873, 10, '', NULL, 2),
(874, 11, '', NULL, 2),
(875, 12, '', NULL, 2),
(876, 14, '', NULL, 2),
(877, 15, '', NULL, 2),
(878, 16, '', NULL, 2),
(879, 17, '', NULL, 2),
(880, 18, '', NULL, 2),
(881, 19, '', NULL, 2),
(882, 20, '', NULL, 2),
(883, 21, '', NULL, 2),
(884, 22, '', NULL, 2),
(885, 23, '', NULL, 2),
(886, 24, '', NULL, 2),
(887, 25, '', NULL, 2),
(888, 26, '', NULL, 2),
(889, 27, '', NULL, 2),
(890, 28, '', NULL, 2),
(891, 29, '', NULL, 2),
(892, 30, '', NULL, 2),
(893, 31, '', NULL, 2),
(894, 32, '', NULL, 2),
(895, 33, '', NULL, 2),
(896, 34, '', NULL, 2),
(897, 35, '', NULL, 2),
(898, 36, '', NULL, 2),
(899, 37, '', NULL, 2),
(900, 38, '', NULL, 2),
(901, 39, '', NULL, 2),
(902, 40, '', NULL, 2),
(903, 41, '', NULL, 2),
(904, 42, '', NULL, 2),
(905, 43, '', NULL, 2),
(906, 44, '', NULL, 2),
(907, 45, '', NULL, 2),
(908, 46, '', NULL, 2),
(909, 47, '', NULL, 2),
(910, 48, '', NULL, 2),
(911, 49, '', NULL, 2),
(912, 50, '', NULL, 2),
(913, 51, '', NULL, 2),
(914, 57, '', NULL, 2),
(915, 58, '', NULL, 2),
(916, 59, '', NULL, 2),
(917, 60, '', NULL, 2),
(918, 61, '', NULL, 2),
(919, 62, '', NULL, 2),
(920, 63, '', NULL, 2),
(921, 64, '', NULL, 2),
(922, 65, '', NULL, 2),
(923, 66, '', NULL, 2),
(924, 67, '', NULL, 2),
(925, 68, '', NULL, 2),
(926, 69, '', NULL, 2),
(927, 70, '', NULL, 2),
(928, 71, '', NULL, 2),
(929, 72, '', NULL, 2),
(930, 73, '', NULL, 2),
(931, 74, '', NULL, 2),
(932, 75, '', NULL, 2),
(933, 76, '', NULL, 2),
(934, 77, '', NULL, 2),
(935, 78, '', NULL, 2),
(936, 79, '', NULL, 2),
(937, 80, '', NULL, 2),
(938, 81, '', NULL, 2),
(939, 82, '', NULL, 2),
(940, 83, '', NULL, 2),
(941, 84, '', NULL, 2),
(942, 85, '', NULL, 2),
(943, 86, '', NULL, 2),
(944, 1, '', NULL, 2),
(945, 2, '', NULL, 2),
(946, 3, '', NULL, 2),
(947, 6, '', NULL, 2),
(948, 7, '', NULL, 2),
(949, 8, '', NULL, 2),
(950, 9, '', NULL, 2),
(951, 10, '', NULL, 2),
(952, 11, '', NULL, 2),
(953, 12, '', NULL, 2),
(954, 14, '', NULL, 2),
(955, 15, '', NULL, 2),
(956, 16, '', NULL, 2),
(957, 17, '', NULL, 2),
(958, 18, '', NULL, 2),
(959, 19, '', NULL, 2),
(960, 20, '', NULL, 2),
(961, 21, '', NULL, 2),
(962, 22, '', NULL, 2),
(963, 23, '', NULL, 2),
(964, 24, '', NULL, 2),
(965, 25, '', NULL, 2),
(966, 26, '', NULL, 2),
(967, 27, '', NULL, 2),
(968, 28, '', NULL, 2),
(969, 29, '', NULL, 2),
(970, 30, '', NULL, 2),
(971, 31, '', NULL, 2),
(972, 32, '', NULL, 2),
(973, 33, '', NULL, 2),
(974, 34, '', NULL, 2),
(975, 35, '', NULL, 2),
(976, 36, '', NULL, 2),
(977, 37, '', NULL, 2),
(978, 38, '', NULL, 2),
(979, 39, '', NULL, 2),
(980, 40, '', NULL, 2),
(981, 41, '', NULL, 2),
(982, 42, '', NULL, 2),
(983, 43, '', NULL, 2),
(984, 44, '', NULL, 2),
(985, 45, '', NULL, 2),
(986, 46, '', NULL, 2),
(987, 47, '', NULL, 2),
(988, 48, '', NULL, 2),
(989, 49, '', NULL, 2),
(990, 50, '', NULL, 2),
(991, 51, '', NULL, 2),
(992, 57, '', NULL, 2),
(993, 58, '', NULL, 2),
(994, 59, '', NULL, 2),
(995, 60, '', NULL, 2),
(996, 61, '', NULL, 2),
(997, 62, '', NULL, 2),
(998, 63, '', NULL, 2),
(999, 64, '', NULL, 2),
(1000, 65, '', NULL, 2),
(1001, 66, '', NULL, 2),
(1002, 67, '', NULL, 2),
(1003, 68, '', NULL, 2),
(1004, 69, '', NULL, 2),
(1005, 70, '', NULL, 2),
(1006, 71, '', NULL, 2),
(1007, 72, '', NULL, 2),
(1008, 73, '', NULL, 2),
(1009, 74, '', NULL, 2),
(1010, 75, '', NULL, 2),
(1011, 76, '', NULL, 2),
(1012, 77, '', NULL, 2),
(1013, 78, '', NULL, 2),
(1014, 79, '', NULL, 2),
(1015, 80, '', NULL, 2),
(1016, 81, '', NULL, 2),
(1017, 82, '', NULL, 2),
(1018, 83, '', NULL, 2),
(1019, 84, '', NULL, 2),
(1020, 85, '', NULL, 2),
(1021, 86, '', NULL, 2),
(1022, 1, '', NULL, 2),
(1023, 2, '', NULL, 2),
(1024, 3, '', NULL, 2),
(1025, 6, '', NULL, 2),
(1026, 7, '', NULL, 2),
(1027, 8, '', NULL, 2),
(1028, 9, '', NULL, 2),
(1029, 10, '', NULL, 2),
(1030, 11, '', NULL, 2),
(1031, 12, '', NULL, 2),
(1032, 14, '', NULL, 2),
(1033, 15, '', NULL, 2),
(1034, 16, '', NULL, 2),
(1035, 17, '', NULL, 2),
(1036, 18, '', NULL, 2),
(1037, 19, '', NULL, 2),
(1038, 20, '', NULL, 2),
(1039, 21, '', NULL, 2),
(1040, 22, '', NULL, 2),
(1041, 23, '', NULL, 2),
(1042, 24, '', NULL, 2),
(1043, 25, '', NULL, 2),
(1044, 26, '', NULL, 2),
(1045, 27, '', NULL, 2),
(1046, 28, '', NULL, 2),
(1047, 29, '', NULL, 2),
(1048, 30, '', NULL, 2),
(1049, 31, '', NULL, 2),
(1050, 32, '', NULL, 2),
(1051, 33, '', NULL, 2),
(1052, 34, '', NULL, 2),
(1053, 35, '', NULL, 2),
(1054, 36, '', NULL, 2),
(1055, 37, '', NULL, 2),
(1056, 38, '', NULL, 2),
(1057, 39, '', NULL, 2),
(1058, 40, '', NULL, 2),
(1059, 41, '', NULL, 2),
(1060, 42, '', NULL, 2),
(1061, 43, '', NULL, 2),
(1062, 44, '', NULL, 2),
(1063, 45, '', NULL, 2),
(1064, 46, '', NULL, 2),
(1065, 47, '', NULL, 2),
(1066, 48, '', NULL, 2),
(1067, 49, '', NULL, 2),
(1068, 50, '', NULL, 2),
(1069, 51, '', NULL, 2),
(1070, 57, '', NULL, 2),
(1071, 58, '', NULL, 2),
(1072, 59, '', NULL, 2),
(1073, 60, '', NULL, 2),
(1074, 61, '', NULL, 2),
(1075, 62, '', NULL, 2),
(1076, 63, '', NULL, 2),
(1077, 64, '', NULL, 2),
(1078, 65, '', NULL, 2),
(1079, 66, '', NULL, 2),
(1080, 67, '', NULL, 2),
(1081, 68, '', NULL, 2),
(1082, 69, '', NULL, 2),
(1083, 70, '', NULL, 2),
(1084, 71, '', NULL, 2),
(1085, 72, '', NULL, 2),
(1086, 73, '', NULL, 2),
(1087, 74, '', NULL, 2),
(1088, 75, '', NULL, 2),
(1089, 76, '', NULL, 2),
(1090, 77, '', NULL, 2),
(1091, 78, '', NULL, 2),
(1092, 79, '', NULL, 2),
(1093, 80, '', NULL, 2),
(1094, 81, '', NULL, 2),
(1095, 82, '', NULL, 2),
(1096, 83, '', NULL, 2),
(1097, 84, '', NULL, 2),
(1098, 85, '', NULL, 2),
(1099, 86, '', NULL, 2),
(1100, 1, '', NULL, 2),
(1101, 2, '', NULL, 2),
(1102, 3, '', NULL, 2),
(1103, 6, '', NULL, 2),
(1104, 7, '', NULL, 2),
(1105, 8, '', NULL, 2),
(1106, 9, '', NULL, 2),
(1107, 10, '', NULL, 2),
(1108, 11, '', NULL, 2),
(1109, 12, '', NULL, 2),
(1110, 14, '', NULL, 2),
(1111, 15, '', NULL, 2),
(1112, 16, '', NULL, 2),
(1113, 17, '', NULL, 2),
(1114, 18, '', NULL, 2),
(1115, 19, '', NULL, 2),
(1116, 20, '', NULL, 2),
(1117, 21, '', NULL, 2),
(1118, 22, '', NULL, 2),
(1119, 23, '', NULL, 2),
(1120, 24, '', NULL, 2),
(1121, 25, '', NULL, 2),
(1122, 26, '', NULL, 2),
(1123, 27, '', NULL, 2),
(1124, 28, '', NULL, 2),
(1125, 29, '', NULL, 2),
(1126, 30, '', NULL, 2),
(1127, 31, '', NULL, 2),
(1128, 32, '', NULL, 2),
(1129, 33, '', NULL, 2),
(1130, 34, '', NULL, 2),
(1131, 35, '', NULL, 2),
(1132, 36, '', NULL, 2),
(1133, 37, '', NULL, 2),
(1134, 38, '', NULL, 2),
(1135, 39, '', NULL, 2),
(1136, 40, '', NULL, 2),
(1137, 41, '', NULL, 2),
(1138, 42, '', NULL, 2),
(1139, 43, '', NULL, 2),
(1140, 44, '', NULL, 2),
(1141, 45, '', NULL, 2),
(1142, 46, '', NULL, 2),
(1143, 47, '', NULL, 2),
(1144, 48, '', NULL, 2),
(1145, 49, '', NULL, 2),
(1146, 50, '', NULL, 2),
(1147, 51, '', NULL, 2),
(1148, 57, '', NULL, 2),
(1149, 58, '', NULL, 2),
(1150, 59, '', NULL, 2),
(1151, 60, '', NULL, 2),
(1152, 61, '', NULL, 2),
(1153, 62, '', NULL, 2),
(1154, 63, '', NULL, 2),
(1155, 64, '', NULL, 2),
(1156, 65, '', NULL, 2),
(1157, 66, '', NULL, 2),
(1158, 67, '', NULL, 2),
(1159, 68, '', NULL, 2),
(1160, 69, '', NULL, 2),
(1161, 70, '', NULL, 2),
(1162, 71, '', NULL, 2),
(1163, 72, '', NULL, 2),
(1164, 73, '', NULL, 2),
(1165, 74, '', NULL, 2),
(1166, 75, '', NULL, 2),
(1167, 76, '', NULL, 2),
(1168, 77, '', NULL, 2),
(1169, 78, '', NULL, 2),
(1170, 79, '', NULL, 2),
(1171, 80, '', NULL, 2),
(1172, 81, '', NULL, 2),
(1173, 82, '', NULL, 2),
(1174, 83, '', NULL, 2),
(1175, 84, '', NULL, 2),
(1176, 85, '', NULL, 2),
(1177, 86, '', NULL, 2),
(1178, 1, '', NULL, 2),
(1179, 2, '', NULL, 2),
(1180, 3, '', NULL, 2),
(1181, 6, '', NULL, 2),
(1182, 7, '', NULL, 2),
(1183, 8, '', NULL, 2),
(1184, 9, '', NULL, 2),
(1185, 10, '', NULL, 2),
(1186, 11, '', NULL, 2),
(1187, 12, '', NULL, 2),
(1188, 14, '', NULL, 2),
(1189, 15, '', NULL, 2),
(1190, 16, '', NULL, 2),
(1191, 17, '', NULL, 2),
(1192, 18, '', NULL, 2),
(1193, 19, '', NULL, 2),
(1194, 20, '', NULL, 2),
(1195, 21, '', NULL, 2),
(1196, 22, '', NULL, 2),
(1197, 23, '', NULL, 2),
(1198, 24, '', NULL, 2),
(1199, 25, '', NULL, 2),
(1200, 26, '', NULL, 2),
(1201, 27, '', NULL, 2),
(1202, 28, '', NULL, 2),
(1203, 29, '', NULL, 2),
(1204, 30, '', NULL, 2),
(1205, 31, '', NULL, 2),
(1206, 32, '', NULL, 2),
(1207, 33, '', NULL, 2),
(1208, 34, '', NULL, 2),
(1209, 35, '', NULL, 2),
(1210, 36, '', NULL, 2),
(1211, 37, '', NULL, 2),
(1212, 38, '', NULL, 2),
(1213, 39, '', NULL, 2),
(1214, 40, '', NULL, 2),
(1215, 41, '', NULL, 2),
(1216, 42, '', NULL, 2),
(1217, 43, '', NULL, 2),
(1218, 44, '', NULL, 2),
(1219, 45, '', NULL, 2),
(1220, 46, '', NULL, 2),
(1221, 47, '', NULL, 2),
(1222, 48, '', NULL, 2),
(1223, 49, '', NULL, 2),
(1224, 50, '', NULL, 2),
(1225, 51, '', NULL, 2),
(1226, 57, '', NULL, 2),
(1227, 58, '', NULL, 2),
(1228, 59, '', NULL, 2),
(1229, 60, '', NULL, 2),
(1230, 61, '', NULL, 2),
(1231, 62, '', NULL, 2),
(1232, 63, '', NULL, 2),
(1233, 64, '', NULL, 2),
(1234, 65, '', NULL, 2),
(1235, 66, '', NULL, 2),
(1236, 67, '', NULL, 2),
(1237, 68, '', NULL, 2),
(1238, 69, '', NULL, 2),
(1239, 70, '', NULL, 2),
(1240, 71, '', NULL, 2),
(1241, 72, '', NULL, 2),
(1242, 73, '', NULL, 2),
(1243, 74, '', NULL, 2),
(1244, 75, '', NULL, 2),
(1245, 76, '', NULL, 2),
(1246, 77, '', NULL, 2),
(1247, 78, '', NULL, 2),
(1248, 79, '', NULL, 2),
(1249, 80, '', NULL, 2),
(1250, 81, '', NULL, 2),
(1251, 82, '', NULL, 2),
(1252, 83, '', NULL, 2),
(1253, 84, '', NULL, 2),
(1254, 85, '', NULL, 2),
(1255, 86, '', NULL, 2),
(1256, 1, '', NULL, 2),
(1257, 2, '', NULL, 2),
(1258, 3, '', NULL, 2),
(1259, 6, '', NULL, 2),
(1260, 7, '', NULL, 2),
(1261, 8, '', NULL, 2),
(1262, 9, '', NULL, 2),
(1263, 10, '', NULL, 2),
(1264, 11, '', NULL, 2);

-- --------------------------------------------------------

--
-- Table structure for table `time_table`
--

CREATE TABLE IF NOT EXISTS `time_table` (
  `time_table_id` int(11) NOT NULL AUTO_INCREMENT,
  `room_id` int(11) NOT NULL,
  `days_id` int(11) NOT NULL,
  `teacher_id` int(11) NOT NULL,
  `time_id` int(11) NOT NULL,
  `part_id` int(11) NOT NULL,
  `course_id` int(11) NOT NULL,
  PRIMARY KEY (`time_table_id`,`course_id`,`time_id`,`days_id`,`teacher_id`,`part_id`,`room_id`),
  KEY `fk_time_table_teacher1_idx` (`teacher_id`),
  KEY `fk_time_table_days1_idx` (`days_id`),
  KEY `fk_time_table_time1_idx` (`time_id`),
  KEY `fk_time_table_courses1_idx` (`course_id`),
  KEY `fk_time_table_part1_idx` (`part_id`),
  KEY `fk_time_table_rooms1_idx` (`room_id`)
) ENGINE=InnoDB  DEFAULT CHARSET=latin1 AUTO_INCREMENT=14 ;

--
-- Dumping data for table `time_table`
--

INSERT INTO `time_table` (`time_table_id`, `room_id`, `days_id`, `teacher_id`, `time_id`, `part_id`, `course_id`) VALUES
(1, 3, 1, 1, 1, 3, 7),
(9, 3, 2, 4, 2, 3, 13),
(8, 11, 2, 5, 1, 3, 12),
(5, 11, 1, 6, 3, 3, 9),
(10, 5, 3, 6, 7, 3, 13),
(11, 5, 2, 6, 7, 3, 11),
(6, 11, 1, 8, 4, 3, 10),
(2, 11, 1, 10, 2, 3, 8),
(3, 11, 1, 10, 2, 3, 8),
(4, 11, 1, 10, 2, 3, 8),
(12, 11, 2, 10, 1, 7, 11),
(13, 11, 2, 10, 1, 7, 7),
(7, 5, 1, 22, 6, 3, 11);

--
-- Constraints for dumped tables
--

--
-- Constraints for table `admin`
--
ALTER TABLE `admin`
  ADD CONSTRAINT `fk_admin_department1` FOREIGN KEY (`department_dept_id`) REFERENCES `department` (`dept_id`) ON DELETE NO ACTION ON UPDATE NO ACTION;

--
-- Constraints for table `courses`
--
ALTER TABLE `courses`
  ADD CONSTRAINT `fk_courses_part1` FOREIGN KEY (`part_id`) REFERENCES `part` (`part_id`) ON DELETE NO ACTION ON UPDATE NO ACTION;

--
-- Constraints for table `part`
--
ALTER TABLE `part`
  ADD CONSTRAINT `fk_batch_program1` FOREIGN KEY (`prog_id`) REFERENCES `program` (`prog_id`) ON DELETE NO ACTION ON UPDATE NO ACTION,
  ADD CONSTRAINT `part_ibfk_1` FOREIGN KEY (`shift`) REFERENCES `shift` (`shift_id`);

--
-- Constraints for table `program`
--
ALTER TABLE `program`
  ADD CONSTRAINT `fk_program_department1` FOREIGN KEY (`dept_id`) REFERENCES `department` (`dept_id`) ON DELETE NO ACTION ON UPDATE NO ACTION;

--
-- Constraints for table `rooms`
--
ALTER TABLE `rooms`
  ADD CONSTRAINT `rooms_ibfk_1` FOREIGN KEY (`dept_id`) REFERENCES `department` (`dept_id`) ON DELETE CASCADE ON UPDATE CASCADE;

--
-- Constraints for table `teacher`
--
ALTER TABLE `teacher`
  ADD CONSTRAINT `fk_teacher_department1` FOREIGN KEY (`dept_id`) REFERENCES `department` (`dept_id`) ON DELETE NO ACTION ON UPDATE NO ACTION;

--
-- Constraints for table `time`
--
ALTER TABLE `time`
  ADD CONSTRAINT `time_ibfk_1` FOREIGN KEY (`department_id`) REFERENCES `department` (`dept_id`),
  ADD CONSTRAINT `time_ibfk_2` FOREIGN KEY (`shift_id`) REFERENCES `shift` (`shift_id`);

--
-- Constraints for table `time_table`
--
ALTER TABLE `time_table`
  ADD CONSTRAINT `fk_time_table_courses1` FOREIGN KEY (`course_id`) REFERENCES `courses` (`course_id`) ON DELETE NO ACTION ON UPDATE NO ACTION,
  ADD CONSTRAINT `fk_time_table_days1` FOREIGN KEY (`days_id`) REFERENCES `days` (`days_id`) ON DELETE NO ACTION ON UPDATE NO ACTION,
  ADD CONSTRAINT `fk_time_table_part1` FOREIGN KEY (`part_id`) REFERENCES `part` (`part_id`) ON DELETE NO ACTION ON UPDATE NO ACTION,
  ADD CONSTRAINT `fk_time_table_teacher1` FOREIGN KEY (`teacher_id`) REFERENCES `teacher` (`teacher_id`) ON DELETE NO ACTION ON UPDATE NO ACTION,
  ADD CONSTRAINT `time_table_ibfk_1` FOREIGN KEY (`time_id`) REFERENCES `time` (`time_id`),
  ADD CONSTRAINT `time_table_ibfk_2` FOREIGN KEY (`room_id`) REFERENCES `rooms` (`room_id`) ON DELETE CASCADE ON UPDATE CASCADE;

/*!40101 SET CHARACTER_SET_CLIENT=@OLD_CHARACTER_SET_CLIENT */;
/*!40101 SET CHARACTER_SET_RESULTS=@OLD_CHARACTER_SET_RESULTS */;
/*!40101 SET COLLATION_CONNECTION=@OLD_COLLATION_CONNECTION */;
