<?xml version="1.0" encoding="utf-8" ?>
<dwsync>
<file name="ie6.css" server="webserve.iu.edu/www/mockup/" local="128526711234551172" remote="129806075300000000" />
<file name="print.css" server="webserve.iu.edu/www/mockup/" local="128733042562557299" remote="129806075350000000" />
<file name="screen.css" server="webserve.iu.edu/www/mockup/" local="129806095672843968" remote="129806095700000000" />
<file name="styles.css" server="webserve.iu.edu/www/mockup/" local="128526711235332437" remote="129806075350000000" />
<file name="ie6.css" server="webserve.iu.edu/www/" local="128526711234551172" remote="129749166650000000" />
<file name="print.css" server="webserve.iu.edu/www/" local="128733042562557299" remote="129749166660000000" />
<file name="screen.css" server="webserve.iu.edu/www/" local="129731225025785640" remote="129749166660000000" />
<file name="styles.css" server="webserve.iu.edu/www/" local="128526711235332437" remote="129749166660000000" />
<file name="main.css" server="webserve.iu.edu/www/mockup/" local="129806144735187718" remote="129806144750000000" />
</dwsync>