-- phpMyAdmin SQL Dump
-- version 4.0.4.1
-- http://www.phpmyadmin.net
--
-- Host: 127.0.0.1
-- Generation Time: Nov 28, 2013 at 04:27 PM
-- Server version: 5.5.32
-- PHP Version: 5.4.19


CREATE DATABASE IF NOT EXISTS `train_reservation` DEFAULT CHARACTER SET utf8 COLLATE utf8_general_ci;

USE `train_reservation`;

-- --------------------------------------------------------

--
-- Table structure for table `admin`
--

CREATE TABLE IF NOT EXISTS `admin` (
  `admin_id` int(11) NOT NULL AUTO_INCREMENT,
  `user_name` varchar(30) NOT NULL,
  `password` int(30) NOT NULL,
  PRIMARY KEY (`admin_id`)
) ENGINE=InnoDB  DEFAULT CHARSET=utf8 AUTO_INCREMENT=2 ;

--
-- Dumping data for table `admin`
--

INSERT INTO `admin` (`admin_id`, `user_name`, `password`) VALUES
(1, 'saqib', 123);

-- --------------------------------------------------------

--
-- Table structure for table `bogies`
--

CREATE TABLE IF NOT EXISTS `bogies` (
  `bogies_id` int(11) NOT NULL AUTO_INCREMENT,
  `bogie_name` varchar(20) NOT NULL,
  `no_of_seats` int(11) NOT NULL,
  `remarks` varchar(30) NOT NULL,
  PRIMARY KEY (`bogies_id`)
) ENGINE=InnoDB  DEFAULT CHARSET=utf8 AUTO_INCREMENT=7 ;

--
-- Dumping data for table `bogies`
--

INSERT INTO `bogies` (`bogies_id`, `bogie_name`, `no_of_seats`, `remarks`) VALUES
(1, 'Economy', 220, 'b'),
(3, 'AC Business', 150, 'ok'),
(4, 'First Sleeper', 80, 'sleep away'),
(5, 'AC Sleeper', 80, '99'),
(6, 'Business Class', 120, 'ok');

-- --------------------------------------------------------

--
-- Table structure for table `city`
--

CREATE TABLE IF NOT EXISTS `city` (
  `city_id` int(11) NOT NULL AUTO_INCREMENT,
  `city_from` varchar(20) NOT NULL,
  `city_to` varchar(50) NOT NULL,
  `remarks` varchar(30) NOT NULL,
  PRIMARY KEY (`city_id`)
) ENGINE=InnoDB  DEFAULT CHARSET=utf8 AUTO_INCREMENT=1182 ;

--
-- Dumping data for table `city`
--

INSERT INTO `city` (`city_id`, `city_from`, `city_to`, `remarks`) VALUES
(2, 'AB-I-GUM (ABG)', 'AB-I-GUM (ABG)', ''),
(3, 'ABA KHEL (ABK)', 'ABA KHEL (ABK)', ''),
(4, 'ABAD (AAD)', 'ABAD (AAD)', ''),
(5, 'ABBASNAGAR (ABNR)', 'ABBASNAGAR (ABNR)', ''),
(6, 'ABBASPUR (AHR)', 'ABBASPUR (AHR)', ''),
(7, 'ABDUL HAKIM (XG)', 'ABDUL HAKIM (XG)', ''),
(8, 'ABDULLAHABAD (HALT) ', 'ABDULLAHABAD (HALT) ', ''),
(9, 'ABDULLAHPUR KOLAR (A', 'ABDULLAHPUR KOLAR (A', ''),
(10, 'ABLAK (ABL)', 'ABLAK (ABL)', ''),
(11, 'ADAM KHAN (ADKM)', 'ADAM KHAN (ADKM)', ''),
(12, 'ADAMSHABA (ASA)', 'ADAMSHABA (ASA)', ''),
(13, 'ADAMWAHAN BRIDGE (AD', 'ADAMWAHAN BRIDGE (AD', ''),
(14, 'ADMWAHAN (ADW)', 'ADMWAHAN (ADW)', ''),
(15, 'AHMEDWAL (AHW)', 'AHMEDWAL (AHW)', ''),
(16, 'AIR PORT HALT (APRT)', 'AIR PORT HALT (APRT)', ''),
(17, 'AIR SHIP HALT (APSH)', 'AIR SHIP HALT (APSH)', ''),
(18, 'AJNALA (AAJ)', 'AJNALA (AAJ)', ''),
(19, 'AKHTARABAD (AKHB)', 'AKHTARABAD (AKHB)', ''),
(20, 'AKORA KHATTAK (AKO)', 'AKORA KHATTAK (AKO)', ''),
(21, 'ALA (ALA)', 'ALA (ALA)', ''),
(22, 'ALADANA (ADZ)', 'ALADANA (ADZ)', ''),
(23, 'ALAM REG (ALG)', 'ALAM REG (ALG)', ''),
(24, 'ALAMGIR TOWN (HALT) ', 'ALAMGIR TOWN (HALT) ', ''),
(25, 'ALHAR (ALX)', 'ALHAR (ALX)', ''),
(26, 'ALI MUHAMMAD MIHAR (', 'ALI MUHAMMAD MIHAR (', ''),
(27, 'ALI NAWAZ GHOTO HALT', 'ALI NAWAZ GHOTO HALT', ''),
(28, 'ALIPUR CHATTA (ACHH)', 'ALIPUR CHATTA (ACHH)', ''),
(29, 'ALIPUR SAYADAN SHARI', 'ALIPUR SAYADAN SHARI', ''),
(30, 'ALISAR (HALT) (ALIS)', 'ALISAR (HALT) (ALIS)', ''),
(31, 'ALLAHDAD RAHU (ALHU)', 'ALLAHDAD RAHU (ALHU)', ''),
(32, 'ALLAHDADANI (ADN)', 'ALLAHDADANI (ADN)', ''),
(33, 'ALLAHDINO SAND (ADS)', 'ALLAHDINO SAND (ADS)', ''),
(34, 'ALLUWALI (AWI)', 'ALLUWALI (AWI)', ''),
(35, 'ALOZAI (ALZ)', 'ALOZAI (ALZ)', ''),
(36, 'AMIRPUR (HALT) (AMRR', 'AMIRPUR (HALT) (AMRR', ''),
(37, 'AMMIUNTTION SIDING (', 'AMMIUNTTION SIDING (', ''),
(38, 'AMRI (AMR)', 'AMRI (AMR)', ''),
(39, 'AMRUKA (AMK)', 'AMRUKA (AMK)', ''),
(40, 'AQILSHAH (AKSH)', 'AQILSHAH (AKSH)', ''),
(41, 'ARIAN ROAD (AOD)', 'ARIAN ROAD (AOD)', ''),
(42, 'ARIF WALA (ARF)', 'ARIF WALA (ARF)', ''),
(43, 'ARSALA KHAN (ARSK)', 'ARSALA KHAN (ARSK)', ''),
(44, 'ASHANPUR (AHP)', 'ASHANPUR (AHP)', ''),
(45, 'ASHRAF SHAH (AFS)', 'ASHRAF SHAH (AFS)', ''),
(46, 'ASRANI (ANN)', 'ASRANI (ANN)', ''),
(47, 'ATHILPUR (AHU)', 'ATHILPUR (AHU)', ''),
(48, 'ATTOCK CITY JN (ATCY', 'ATTOCK CITY JN (ATCY', ''),
(49, 'ATTOCK KHURD (ATKD)', 'ATTOCK KHURD (ATKD)', ''),
(50, 'ATTOCK KHURD (ATK)', 'ATTOCK KHURD (ATK)', ''),
(51, 'AZAD (AZT)', 'AZAD (AZT)', ''),
(52, 'AZMATWALA (AZTL)', 'AZMATWALA (AZTL)', ''),
(53, 'BABAKWAL (BBKW)', 'BABAKWAL (BBKW)', ''),
(54, 'BABAR KACHH (BBH)', 'BABAR KACHH (BBH)', ''),
(55, 'BABARI BANDA (BJB)', 'BABARI BANDA (BJB)', ''),
(56, 'BADAH (BDR)', 'BADAH (BDR)', ''),
(57, 'BADAL NALA (BDNL)', 'BADAL NALA (BDNL)', ''),
(58, 'BADAMI BAGH (BBG)', 'BADAMI BAGH (BBG)', ''),
(59, 'BADDOMALHI (BDML)', 'BADDOMALHI (BDML)', ''),
(60, 'BADIN (BDX)', 'BADIN (BDX)', ''),
(61, 'BADINZAI (BDZI)', 'BADINZAI (BDZI)', ''),
(62, 'BADLI MAZARI (BIZI)', 'BADLI MAZARI (BIZI)', ''),
(63, 'BAGATORA (BGT)', 'BAGATORA (BGT)', ''),
(64, 'BAGHDAD (BGHD)', 'BAGHDAD (BGHD)', ''),
(65, 'BAGIARARI (BGRI)', 'BAGIARARI (BGRI)', ''),
(66, 'BAHALIKE (BKZ)', 'BAHALIKE (BKZ)', ''),
(67, 'BAHAWALNAGAR JN (BWU', 'BAHAWALNAGAR JN (BWU', ''),
(68, 'BAHAWALPUR (BWPR)', 'BAHAWALPUR (BWPR)', ''),
(69, 'BAHRAM HATHIUN (BRHN', 'BAHRAM HATHIUN (BRHN', ''),
(70, 'BAHRIANWALA (BZW)', 'BAHRIANWALA (BZW)', ''),
(71, 'BAHUMAN (BHMN)', 'BAHUMAN (BHMN)', ''),
(72, 'BAJWA (BJWA)', 'BAJWA (BJWA)', ''),
(73, 'BAKHSH JATOI (BKJT)', 'BAKHSH JATOI (BKJT)', ''),
(74, 'BAKHSHAN KHAN (BKK)', 'BAKHSHAN KHAN (BKK)', ''),
(75, 'BAKHSHAPUR (BXZ)', 'BAKHSHAPUR (BXZ)', ''),
(76, 'BAKHTIARABAD DOMKI (', 'BAKHTIARABAD DOMKI (', ''),
(77, 'BAKRALA (BKRA)', 'BAKRALA (BKRA)', ''),
(78, 'BAKRANI ROAD (BKR)', 'BAKRANI ROAD (BKR)', ''),
(79, 'BALDHER (BZD)', 'BALDHER (BZD)', ''),
(80, 'BALDIA (BDAA)', 'BALDIA (BDAA)', ''),
(81, 'BALISHAH (BSF)', 'BALISHAH (BSF)', ''),
(82, 'BALOCHABAD (BLBD)', 'BALOCHABAD (BLBD)', ''),
(83, 'BALOCHPUR (BLOR)', 'BALOCHPUR (BLOR)', ''),
(84, 'BANDHI (BHE)', 'BANDHI (BHE)', ''),
(85, 'BANDIAL (BQD)', 'BANDIAL (BQD)', ''),
(86, 'BANH MIANWALA (HALT)', 'BANH MIANWALA (HALT)', ''),
(87, 'BANNI BANGLA (BBNG)', 'BANNI BANGLA (BBNG)', ''),
(88, 'BANNU (BXU)', 'BANNU (BXU)', ''),
(89, 'BARAG KHURD (BFK)', 'BARAG KHURD (BFK)', ''),
(90, 'BAROCHO (BRBG)', 'BAROCHO (BRBG)', ''),
(91, 'BARULI (BRLY)', 'BARULI (BRLY)', ''),
(92, 'BASAL JN (BOS)', 'BASAL JN (BOS)', ''),
(93, 'BASIRPUR (BSU)', 'BASIRPUR (BSU)', ''),
(94, 'BASTI ABDULLAH (BLAH', 'BASTI ABDULLAH (BLAH', ''),
(95, 'BASTI DAD (HALT) (BS', 'BASTI DAD (HALT) (BS', ''),
(96, 'BASTI DARWESH LSH (B', 'BASTI DARWESH LSH (B', ''),
(97, 'BASTI FAUJA (BIFA)', 'BASTI FAUJA (BIFA)', ''),
(98, 'BASTI QUTAB (BQS)', 'BASTI QUTAB (BQS)', ''),
(99, 'BASTI RAHMAN (BRN)', 'BASTI RAHMAN (BRN)', ''),
(100, 'BEGMANJI (BGE)', 'BEGMANJI (BGE)', ''),
(101, 'BEGOWALA (BGW)', 'BEGOWALA (BGW)', ''),
(102, 'BEHAL (BEL)', 'BEHAL (BEL)', ''),
(103, 'BEHKARI (HALT) (BHRI', 'BEHKARI (HALT) (BHRI', ''),
(104, 'BELELI (BLI)', 'BELELI (BLI)', ''),
(105, 'BELL-PAT (BPT)', 'BELL-PAT (BPT)', ''),
(106, 'BERO CHANDIA (BRCD)', 'BERO CHANDIA (BRCD)', ''),
(107, 'BHAKKAR (BHKR)', 'BHAKKAR (BHKR)', ''),
(108, 'BHALWAL (BWQ)', 'BHALWAL (BWQ)', ''),
(109, 'BHAN SAYADABAD (BAN)', 'BHAN SAYADABAD (BAN)', ''),
(110, 'BHERA (BHH)', 'BHERA (BHH)', ''),
(111, 'BHILA HITHAR (BZH)', 'BHILA HITHAR (BZH)', ''),
(112, 'BHIRIA ROAD (BRO)', 'BHIRIA ROAD (BRO)', ''),
(113, 'BHITSHAH (BTSH)', 'BHITSHAH (BTSH)', ''),
(114, 'BHOE ASAL (BOC)', 'BHOE ASAL (BOC)', ''),
(115, 'BHOLARI (BOL)', 'BHOLARI (BOL)', ''),
(116, 'BHUMB (BHMB)', 'BHUMB (BHMB)', ''),
(117, 'BHUN (BVX)', 'BHUN (BVX)', ''),
(118, 'BHURGARI (BHGR)', 'BHURGARI (BHGR)', ''),
(119, 'BIJIRANI (BJNI)', 'BIJIRANI (BJNI)', ''),
(120, 'BILAO (BFO)', 'BILAO (BFO)', ''),
(121, 'BIN QASIM (BQM)', 'BIN QASIM (BQM)', ''),
(122, 'BOBI ROAD (BBIR)', 'BOBI ROAD (BBIR)', ''),
(123, 'BOHAR (BOU)', 'BOHAR (BOU)', ''),
(124, 'BOLAN (BJC)', 'BOLAN (BJC)', ''),
(125, 'BOSTAN JN (BTN)', 'BOSTAN JN (BTN)', ''),
(126, 'BOUNDRY PILLAR (NP72', 'BOUNDRY PILLAR (NP72', ''),
(127, 'BRAUDABAD (BKB)', 'BRAUDABAD (BKB)', ''),
(128, 'BUBAK ROAD (BUK)', 'BUBAK ROAD (BUK)', ''),
(129, 'BUCH (BUC)', 'BUCH (BUC)', ''),
(130, 'BUCHERI (BCR)', 'BUCHERI (BCR)', ''),
(131, 'BUCHIANA (BCX)', 'BUCHIANA (BCX)', ''),
(132, 'BUDAPUR (BDP)', 'BUDAPUR (BDP)', ''),
(133, 'BUDH (BVD)', 'BUDH (BVD)', ''),
(134, 'BUDHO (BUO)', 'BUDHO (BUO)', ''),
(135, 'BUG (BUZ)', 'BUG (BUZ)', ''),
(136, 'BURHAN (BUN)', 'BURHAN (BUN)', ''),
(137, 'BURJ (BURJ)', 'BURJ (BURJ)', ''),
(138, 'BUSTAN AFGHANAN (BSA', 'BUSTAN AFGHANAN (BSA', ''),
(139, 'CADET COLLAGE PETARO', 'CADET COLLAGE PETARO', ''),
(140, 'CADET COLLEGE KOHAT ', 'CADET COLLEGE KOHAT ', ''),
(141, 'CEMENT FACTORY SIDIN', 'CEMENT FACTORY SIDIN', ''),
(142, 'CHABIANA (CBA)', 'CHABIANA (CBA)', ''),
(143, 'CHACHAR (CCRB)', 'CHACHAR (CCRB)', ''),
(144, 'CHACHRAN (CCN)', 'CHACHRAN (CCN)', ''),
(145, 'CHAGHI (GNGI)', 'CHAGHI (GNGI)', ''),
(146, 'CHAH NUR MUHAMMAD (C', 'CHAH NUR MUHAMMAD (C', ''),
(147, 'CHAK (CAK)', 'CHAK (CAK)', ''),
(148, 'CHAK ABDULLAH (CAL)', 'CHAK ABDULLAH (CAL)', ''),
(149, 'CHAK AMRU (CKRU)', 'CHAK AMRU (CKRU)', ''),
(150, 'CHAK ASMAT ULLAH HAL', 'CHAK ASMAT ULLAH HAL', ''),
(151, 'CHAK IBRAHIM BHATTI ', 'CHAK IBRAHIM BHATTI ', ''),
(152, 'CHAK JHUMRA JN (CKJ)', 'CHAK JHUMRA JN (CKJ)', ''),
(153, 'CHAK JHUMRA WEST CAB', 'CHAK JHUMRA WEST CAB', ''),
(154, 'CHAK KAMBO (CKQ)', 'CHAK KAMBO (CKQ)', ''),
(155, 'CHAK LALA (CKL)', 'CHAK LALA (CKL)', ''),
(156, 'CHAK NAURANG (CKNG)', 'CHAK NAURANG (CKNG)', ''),
(157, 'CHAK NIZAM (CKZ)', 'CHAK NIZAM (CKZ)', ''),
(158, 'CHAK PIRANA (CPI)', 'CHAK PIRANA (CPI)', ''),
(159, 'CHAK SAIDA (CKSA)', 'CHAK SAIDA (CKSA)', ''),
(160, 'CHAK SAIYIADANWALA (', 'CHAK SAIYIADANWALA (', ''),
(161, 'CHAK TURAN (CHTR)', 'CHAK TURAN (CHTR)', ''),
(162, 'CHAK WARAICHANWALA (', 'CHAK WARAICHANWALA (', ''),
(163, 'CHAKWAL (CWK)', 'CHAKWAL (CWK)', ''),
(164, 'CHALISA JN (CHS)', 'CHALISA JN (CHS)', ''),
(165, 'CHAMAN (CMN)', 'CHAMAN (CMN)', ''),
(166, 'CHANDRAMI (CDRN)', 'CHANDRAMI (CDRN)', ''),
(167, 'CHANESAR (CHNS)', 'CHANESAR (CHNS)', ''),
(168, 'CHANG (CHNG)', 'CHANG (CHNG)', ''),
(169, 'CHANGA MANGA (CGM)', 'CHANGA MANGA (CGM)', ''),
(170, 'CHANIGOT (CNG)', 'CHANIGOT (CNG)', ''),
(171, 'CHANNA (HALT) (CHAN)', 'CHANNA (HALT) (CHAN)', ''),
(172, 'CHARNALI (CRH)', 'CHARNALI (CRH)', ''),
(173, 'CHARSADDA (CSD)', 'CHARSADDA (CSD)', ''),
(174, 'CHAUNTRA (CTN)', 'CHAUNTRA (CTN)', ''),
(175, 'CHAWEKA ROAD (CAD)', 'CHAWEKA ROAD (CAD)', ''),
(176, 'CHAWINDA (CWD)', 'CHAWINDA (CWD)', ''),
(177, 'CHENAB NAGAR (CNR)', 'CHENAB NAGAR (CNR)', ''),
(178, 'CHENAB WEST BANK (CW', 'CHENAB WEST BANK (CW', ''),
(179, 'CHET SINGHWALA (CGW)', 'CHET SINGHWALA (CGW)', ''),
(180, 'CHHAB (CBB)', 'CHHAB (CBB)', ''),
(181, 'CHHOR (COH)', 'CHHOR (COH)', ''),
(182, 'CHICHAWATNI (CCE)', 'CHICHAWATNI (CCE)', ''),
(183, 'CHICHOKI MALLIAN (CC', 'CHICHOKI MALLIAN (CC', ''),
(184, 'CHIDARZAI (CDZ)', 'CHIDARZAI (CDZ)', ''),
(185, 'CHIKARKOT (CKO)', 'CHIKARKOT (CKO)', ''),
(186, 'CHILIANWALA (CHW)', 'CHILIANWALA (CHW)', ''),
(187, 'CHINOT (CHOT)', 'CHINOT (CHOT)', ''),
(188, 'CHISTIAN (CSI)', 'CHISTIAN (CSI)', ''),
(189, 'CHOA KARIALA (CKRL)', 'CHOA KARIALA (CKRL)', ''),
(190, 'CHROME (HALT) (CH)', 'CHROME (HALT) (CH)', ''),
(191, 'CHUKHRA (CUA)', 'CHUKHRA (CUA)', ''),
(192, 'CHUND (CUH)', 'CHUND (CUH)', ''),
(193, 'CHUR SHARIF (HALT) (', 'CHUR SHARIF (HALT) (', ''),
(194, 'CHURMIAN(CLOSED) (CR', 'CHURMIAN(CLOSED) (CR', ''),
(195, 'CHUTIANA (CUN)', 'CHUTIANA (CUN)', ''),
(196, 'DABANAWALA (DBX)', 'DABANAWALA (DBX)', ''),
(197, 'DABHEJI (DBJ)', 'DABHEJI (DBJ)', ''),
(198, 'DAD FATIHANA (DDH)', 'DAD FATIHANA (DDH)', ''),
(199, 'DADU (DDU)', 'DADU (DDU)', ''),
(200, 'DAHARKI (DRK)', 'DAHARKI (DRK)', ''),
(201, 'DAIRA MAHRAM (DRMM)', 'DAIRA MAHRAM (DRMM)', ''),
(202, 'DAJD (HALT) (DXA)', 'DAJD (HALT) (DXA)', ''),
(203, 'DAJLATPUR SAFAN (DPS', 'DAJLATPUR SAFAN (DPS', ''),
(204, 'DALBANDIN (DLH)', 'DALBANDIN (DLH)', ''),
(205, 'DALIPOTA (THC)', 'DALIPOTA (THC)', ''),
(206, 'DALUJAL (DLJ)', 'DALUJAL (DLJ)', ''),
(207, 'DAMBOLI (DMB)', 'DAMBOLI (DMB)', ''),
(208, 'DANDOT (DDT)', 'DANDOT (DDT)', ''),
(209, 'DAR UL IHSAN (DRLN)', 'DAR UL IHSAN (DRLN)', ''),
(210, 'DARBAR SHAB KARTARPU', 'DARBAR SHAB KARTARPU', ''),
(211, 'DARBELO (DRBO)', 'DARBELO (DRBO)', ''),
(212, 'DARI AZIM KHAN (HALT', 'DARI AZIM KHAN (HALT', ''),
(213, 'DARKHANA (DKH)', 'DARKHANA (DKH)', ''),
(214, 'DARSMAND (DSV)', 'DARSMAND (DSV)', ''),
(215, 'DARYA KHAN (DYN)', 'DARYA KHAN (DYN)', ''),
(216, 'DAUD KHEL JN (DKL)', 'DAUD KHEL JN (DKL)', ''),
(217, 'DAULATALA (DTU)', 'DAULATALA (DTU)', ''),
(218, 'DAUR (DOU)', 'DAUR (DOU)', ''),
(219, 'DEABAKHA (BKE)', 'DEABAKHA (BKE)', ''),
(220, 'DEONA JULIANI (DEN)', 'DEONA JULIANI (DEN)', ''),
(221, 'DEPARJA (DPJA)', 'DEPARJA (DPJA)', ''),
(222, 'DEPARTURE YARD (DPY)', 'DEPARTURE YARD (DPY)', ''),
(223, 'DEPOT HILL (DPHL)', 'DEPOT HILL (DPHL)', ''),
(224, 'DERA ALLAHYAR (DAHR)', 'DERA ALLAHYAR (DAHR)', ''),
(225, 'DERA DINPANAH (DNP)', 'DERA DINPANAH (DNP)', ''),
(226, 'DERA GHAZI KHAN (DGK', 'DERA GHAZI KHAN (DGK', ''),
(227, 'DERA MURAD JAMALI (D', 'DERA MURAD JAMALI (D', ''),
(228, 'DERA NAWAB SAHIB (DW', 'DERA NAWAB SAHIB (DW', ''),
(229, 'DERA TAJ (DRTJ)', 'DERA TAJ (DRTJ)', ''),
(230, 'DETHA (DET)', 'DETHA (DET)', ''),
(231, 'DHAB SANATEKA (DBST)', 'DHAB SANATEKA (DBST)', ''),
(232, 'DHABAN SINGH (DNS)', 'DHABAN SINGH (DNS)', ''),
(233, 'DHAK (DAK)', 'DHAK (DAK)', ''),
(234, 'DHANDI (DDI)', 'DHANDI (DDI)', ''),
(235, 'DHAROWAL KANG (HALT)', 'DHAROWAL KANG (HALT)', ''),
(236, 'DHAUNKAL (DUX)', 'DHAUNKAL (DUX)', ''),
(237, 'DHER UMMID ALI (DHUA', 'DHER UMMID ALI (DHUA', ''),
(238, 'DHJDIAL (DIZ)', 'DHJDIAL (DIZ)', ''),
(239, 'DHOLAN (DOLN)', 'DHOLAN (DOLN)', ''),
(240, 'DHORO NARO (DNO)', 'DHORO NARO (DNO)', ''),
(241, 'DHREMA (CLOSED) (DHR', 'DHREMA (CLOSED) (DHR', ''),
(242, 'DIGRI (DII)', 'DIGRI (DII)', ''),
(243, 'DILMURAD (DMQ)', 'DILMURAD (DMQ)', ''),
(244, 'DINA (DIN)', 'DINA (DIN)', ''),
(245, 'DINAPUR (DINA)', 'DINAPUR (DINA)', ''),
(246, 'DINGA (DGH)', 'DINGA (DGH)', ''),
(247, 'DINGRA (DNF)', 'DINGRA (DNF)', ''),
(248, 'DOABA (DOV)', 'DOABA (DOV)', ''),
(249, 'DOCTOR CHAH (DRC)', 'DOCTOR CHAH (DRC)', ''),
(250, 'DOMALA (DMLA)', 'DOMALA (DMLA)', ''),
(251, 'DOMEL (DOME)', 'DOMEL (DOME)', ''),
(252, 'DOMELI (DMI)', 'DOMELI (DMI)', ''),
(253, 'DORATA (DTA)', 'DORATA (DTA)', ''),
(254, 'DOST MUHAMMAD ABAD (', 'DOST MUHAMMAD ABAD (', ''),
(255, 'DOST PURA (HALT) (DS', 'DOST PURA (HALT) (DS', ''),
(256, 'DOZAN (DZN)', 'DOZAN (DZN)', ''),
(257, 'DRAKKI (DKK)', 'DRAKKI (DKK)', ''),
(258, 'DRIG ROAD (DID)', 'DRIG ROAD (DID)', ''),
(259, 'DRIGH COLONY (DCL)', 'DRIGH COLONY (DCL)', ''),
(260, 'DUNGABUNGA (DNBA)', 'DUNGABUNGA (DNBA)', ''),
(261, 'DUNYAPUR (DYR)', 'DUNYAPUR (DYR)', ''),
(262, 'DURGAI (DRY)', 'DURGAI (DRY)', ''),
(263, 'DYZ (DYZ)', 'DYZ (DYZ)', ''),
(264, 'EMINABAD (EMBD)', 'EMINABAD (EMBD)', ''),
(265, 'FAISALABAD (FSLD)', 'FAISALABAD (FSLD)', ''),
(266, 'FAISALABAD DRY PORT ', 'FAISALABAD DRY PORT ', ''),
(267, 'FAIZ MUHAMMAD MANAHI', 'FAIZ MUHAMMAD MANAHI', ''),
(268, 'FAQIR HUSSAIN SHAHEE', 'FAQIR HUSSAIN SHAHEE', ''),
(269, 'FAQIRABAD (FQB)', 'FAQIRABAD (FQB)', ''),
(270, 'FAQIRWALI (FQL)', 'FAQIRWALI (FQL)', ''),
(271, 'FARID NAGAR (CLOSED)', 'FARID NAGAR (CLOSED)', ''),
(272, 'FARM NOOR MUHAMMAD (', 'FARM NOOR MUHAMMAD (', ''),
(273, 'FAROOQ ABAD (FRQD)', 'FAROOQ ABAD (FRQD)', ''),
(274, 'FAROOQIA (FRQ)', 'FAROOQIA (FRQ)', ''),
(275, 'FATEH SHAHPUR (HALT)', 'FATEH SHAHPUR (HALT)', ''),
(276, 'FATEHJANG (FJG)', 'FATEHJANG (FJG)', ''),
(277, 'FAZAL BHAMBRO (FZB)', 'FAZAL BHAMBRO (FZB)', ''),
(278, 'FAZILPUR DHANDI (FZD', 'FAZILPUR DHANDI (FZD', ''),
(279, 'FERTILIZER FACTORY (', 'FERTILIZER FACTORY (', ''),
(280, 'FIROZA (FRA)', 'FIROZA (FRA)', ''),
(281, 'FORT ABBAS (FPA)', 'FORT ABBAS (FPA)', ''),
(282, 'GADALAR (GRR)', 'GADALAR (GRR)', ''),
(283, 'GADDAR (GDR)', 'GADDAR (GDR)', ''),
(284, 'GAGAN (GGK)', 'GAGAN (GGK)', ''),
(285, 'GAGOO (GOO)', 'GAGOO (GOO)', ''),
(286, 'GAJARGOLA (GGL)', 'GAJARGOLA (GGL)', ''),
(287, 'GALANGUR (GAN)', 'GALANGUR (GAN)', ''),
(288, 'GALANGUR KOTAL (GLRK', 'GALANGUR KOTAL (GLRK', ''),
(289, 'GAMBAT (GBT)', 'GAMBAT (GBT)', ''),
(290, 'GANDA SINGHWALA (GSS', 'GANDA SINGHWALA (GSS', ''),
(291, 'GANDI KHAN KHEL (CLO', 'GANDI KHAN KHEL (CLO', ''),
(292, 'GANJA TAKKAR (GJT)', 'GANJA TAKKAR (GJT)', ''),
(293, 'GARHI KHAIRO (GRK)', 'GARHI KHAIRO (GRK)', ''),
(294, 'GAT (GUZ)', 'GAT (GUZ)', ''),
(295, 'GATTI (GTZ)', 'GATTI (GTZ)', ''),
(296, 'GHAKKA MITTAR (GKMI)', 'GHAKKA MITTAR (GKMI)', ''),
(297, 'GHAKKHAR MANDI (GKR)', 'GHAKKHAR MANDI (GKR)', ''),
(298, 'GHARO (GHO)', 'GHARO (GHO)', ''),
(299, 'GHJRAZAI (CLOSED) (G', 'GHJRAZAI (CLOSED) (G', ''),
(300, 'GHORIWALA (GWR)', 'GHORIWALA (GWR)', ''),
(301, 'GHOTKI (GHK)', 'GHOTKI (GHK)', ''),
(302, 'GHRIBWAL (GBW)', 'GHRIBWAL (GBW)', ''),
(303, 'GHULAMABAD (GABD)', 'GHULAMABAD (GABD)', ''),
(304, 'GHUNGRILA (GNX)', 'GHUNGRILA (GNX)', ''),
(305, 'GIDU (GAB)', 'GIDU (GAB)', ''),
(306, 'GILANI (GLAN)', 'GILANI (GLAN)', ''),
(307, 'GILAWALA (GLW)', 'GILAWALA (GLW)', ''),
(308, 'GILMALA (HALT) (GML)', 'GILMALA (HALT) (GML)', ''),
(309, 'GIRDHARIWALA (GHW)', 'GIRDHARIWALA (GHW)', ''),
(310, 'GOJRA (GJA)', 'GOJRA (GJA)', ''),
(311, 'GOLPUR (GPE)', 'GOLPUR (GPE)', ''),
(312, 'GOLRA (GOL)', 'GOLRA (GOL)', ''),
(313, 'GOLRA SHARIF JN (GLR', 'GOLRA SHARIF JN (GLR', ''),
(314, 'GOLRA SHARIF JN (GLR', 'GOLRA SHARIF JN (GLR', ''),
(315, 'GOOLPUR TALBANI (GTB', 'GOOLPUR TALBANI (GTB', ''),
(316, 'GOPANG (GPG)', 'GOPANG (GPG)', ''),
(317, 'GOSARJI (GSRJ)', 'GOSARJI (GSRJ)', ''),
(318, 'GOTH SHAH MUHAMMAD (', 'GOTH SHAH MUHAMMAD (', ''),
(319, 'GUJAR GARHI (GJGR)', 'GUJAR GARHI (GJGR)', ''),
(320, 'GUJAR KHAN (GKN)', 'GUJAR KHAN (GKN)', ''),
(321, 'GUJJAR (GUJR)', 'GUJJAR (GUJR)', ''),
(322, 'GUJRANWALA (GRW)', 'GUJRANWALA (GRW)', ''),
(323, 'GUJRANWALA CANT (GRW', 'GUJRANWALA CANT (GRW', ''),
(324, 'GUJRANWALA CITY (GLC', 'GUJRANWALA CITY (GLC', ''),
(325, 'GUJRAT (GRT)', 'GUJRAT (GRT)', ''),
(326, 'GUL BEG MARRI (GBM)', 'GUL BEG MARRI (GBM)', ''),
(327, 'GUL IMAM (GLX)', 'GUL IMAM (GLX)', ''),
(328, 'GUL SHER (GLS)', 'GUL SHER (GLS)', ''),
(329, 'GULISTAN (GTN)', 'GULISTAN (GTN)', ''),
(330, 'GULLAR PIR (HALT) (G', 'GULLAR PIR (HALT) (G', ''),
(331, 'GUNNA KALAN (GKO)', 'GUNNA KALAN (GKO)', ''),
(332, 'GURMANI (GUI)', 'GURMANI (GUI)', ''),
(333, 'GWAL(CLOSED) (GWX)', 'GWAL(CLOSED) (GWX)', ''),
(334, 'HABIB KOT JN (HBKJ)', 'HABIB KOT JN (HBKJ)', ''),
(335, 'HABIBABAD (HBAD)', 'HABIBABAD (HBAD)', ''),
(336, 'HAFEEZABAD (HFED)', 'HAFEEZABAD (HFED)', ''),
(337, 'HAFIZABAD (HFD)', 'HAFIZABAD (HFD)', ''),
(338, 'HAIBAT SHAHID (HTS)', 'HAIBAT SHAHID (HTS)', ''),
(339, 'HAIDAR JATOI (HJTI)', 'HAIDAR JATOI (HJTI)', ''),
(340, 'HAJI CHAND (HJC)', 'HAJI CHAND (HJC)', ''),
(341, 'HAJI MUHAMMAD IHAN (', 'HAJI MUHAMMAD IHAN (', ''),
(342, 'HAKIMANI (HALT) (HIS', 'HAKIMANI (HALT) (HIS', ''),
(343, 'HALA (HLA)', 'HALA (HLA)', ''),
(344, 'HALLOKI (HALT) (HLO)', 'HALLOKI (HALT) (HLO)', ''),
(345, 'HAMDANIWALA (HALT) (', 'HAMDANIWALA (HALT) (', ''),
(346, 'HANAPUR (HNPR)', 'HANAPUR (HNPR)', ''),
(347, 'HANGU (HGU)', 'HANGU (HGU)', ''),
(348, 'HARANPUR JN (HNP)', 'HARANPUR JN (HNP)', ''),
(349, 'HARAPPA (HAP)', 'HARAPPA (HAP)', ''),
(350, 'HARBANSPURA (HBR)', 'HARBANSPURA (HBR)', ''),
(351, 'HARIAH (HRA)', 'HARIAH (HRA)', ''),
(352, 'HARIPUR BAND (HPD)', 'HARIPUR BAND (HPD)', ''),
(353, 'HARIPUR HAZARA (HRU)', 'HARIPUR HAZARA (HRU)', ''),
(354, 'HARNAI (HUR)', 'HARNAI (HUR)', ''),
(355, 'HARNAL (HRNL)', 'HARNAL (HRNL)', ''),
(356, 'HARUNABAD (HRND)', 'HARUNABAD (HRND)', ''),
(357, 'HARYANWALA (HYN)', 'HARYANWALA (HYN)', ''),
(358, 'HASAN ABDAL (HSN)', 'HASAN ABDAL (HSN)', ''),
(359, 'HASAN RIND (HSNR)', 'HASAN RIND (HSNR)', ''),
(360, 'HASILPUR (HSU)', 'HASILPUR (HSU)', ''),
(361, 'HASISAR (HSS)', 'HASISAR (HSS)', ''),
(362, 'HASSIM KILLI (KMKI)', 'HASSIM KILLI (KMKI)', ''),
(363, 'HASTEDPUR (HSTD)', 'HASTEDPUR (HSTD)', ''),
(364, 'HATHIYAN (HTN)', 'HATHIYAN (HTN)', ''),
(365, 'HATTAR (HTTR)', 'HATTAR (HTTR)', ''),
(366, 'HAVELI WASAWEWALA (H', 'HAVELI WASAWEWALA (H', ''),
(367, 'HAVELIAN AND OUT AGE', 'HAVELIAN AND OUT AGE', ''),
(368, 'HAYAT SHER PAO SHAHI', 'HAYAT SHER PAO SHAHI', ''),
(369, 'HAZARAT KARANWALA (H', 'HAZARAT KARANWALA (H', ''),
(370, 'HAZART SHAMA GHAUS (', 'HAZART SHAMA GHAUS (', ''),
(371, 'HAZURPUR (HZP)', 'HAZURPUR (HZP)', ''),
(372, 'HINDUMALKOTE (HMK)', 'HINDUMALKOTE (HMK)', ''),
(373, 'HINGORO ROAD HALT (H', 'HINGORO ROAD HALT (H', ''),
(374, 'HIRA SINGH (HSG)', 'HIRA SINGH (HSG)', ''),
(375, 'HIRAL (HAL)', 'HIRAL (HAL)', ''),
(376, 'HIROK (HRK)', 'HIROK (HRK)', ''),
(377, 'HNGU CAMP (HGC)', 'HNGU CAMP (HGC)', ''),
(378, 'HUMAYUN (HMN)', 'HUMAYUN (HMN)', ''),
(379, 'HUMP YARD (HY)', 'HUMP YARD (HY)', ''),
(380, 'HUMUNWALA (HWA)', 'HUMUNWALA (HWA)', ''),
(381, 'HUSRI (HSE)', 'HUSRI (HSE)', ''),
(382, 'HYDERABAD JN (HDR)', 'HYDERABAD JN (HDR)', ''),
(383, 'IBRAHIM KACHHI (HALT', 'IBRAHIM KACHHI (HALT', ''),
(384, 'IBRAHIMZAI(CLOSED) (', 'IBRAHIMZAI(CLOSED) (', ''),
(385, 'IMAMIA COLONY (IMNY)', 'IMAMIA COLONY (IMNY)', ''),
(386, 'IMPORT YARD (IY)', 'IMPORT YARD (IY)', ''),
(387, 'INJRA (IJA)', 'INJRA (IJA)', ''),
(388, 'IQBAL NAGAR (IQP)', 'IQBAL NAGAR (IQP)', ''),
(389, 'ISA KHEL (IKH)', 'ISA KHEL (IKH)', ''),
(390, 'ISA TAHIR (ITH)', 'ISA TAHIR (ITH)', ''),
(391, 'ISLAMIA COLLEGE (IMC', 'ISLAMIA COLLEGE (IMC', ''),
(392, 'ISMAILI (IMI)', 'ISMAILI (IMI)', ''),
(393, 'JACOBABAD JN (JCD)', 'JACOBABAD JN (JCD)', ''),
(394, 'JAFARABAD (HALT) (JS', 'JAFARABAD (HALT) (JS', ''),
(395, 'JAFARWALA (JFW)', 'JAFARWALA (JFW)', ''),
(396, 'JAHANIA (JAI)', 'JAHANIA (JAI)', ''),
(397, 'JAJJA ABBASIAN (JJH)', 'JAJJA ABBASIAN (JJH)', ''),
(398, 'JALAL MARRI (JLMR)', 'JALAL MARRI (JLMR)', ''),
(399, 'JALLO (JLO)', 'JALLO (JLO)', ''),
(400, 'JALU-JO-CHUNRD (JLU)', 'JALU-JO-CHUNRD (JLU)', ''),
(401, 'JAM SAHIB (JMSB)', 'JAM SAHIB (JMSB)', ''),
(402, 'JAMAN SHAH (JNS)', 'JAMAN SHAH (JNS)', ''),
(403, 'JAMKE CHATTA (JCT)', 'JAMKE CHATTA (JCT)', ''),
(404, 'JAMMU (TAWI) (JAT)', 'JAMMU (TAWI) (JAT)', ''),
(405, 'JAMMU CANT (JMC)', 'JAMMU CANT (JMC)', ''),
(406, 'JAMPUR (JMPR)', 'JAMPUR (JMPR)', ''),
(407, 'JAMRANIWAH (JMH)', 'JAMRANIWAH (JMH)', ''),
(408, 'JAMRAO JN (JMO)', 'JAMRAO JN (JMO)', ''),
(409, 'JAMRUD JN (JRD)', 'JAMRUD JN (JRD)', ''),
(410, 'JAN MUHAMMAD WALA (J', 'JAN MUHAMMAD WALA (J', ''),
(411, 'JAND JN (JAD)', 'JAND JN (JAD)', ''),
(412, 'JANGAL MARIALA (JMY)', 'JANGAL MARIALA (JMY)', ''),
(413, 'JANIWALA (JWA)', 'JANIWALA (JWA)', ''),
(414, 'JARALA (JRF)', 'JARALA (JRF)', ''),
(415, 'JARANWALA (JNW)', 'JARANWALA (JNW)', ''),
(416, 'JASSAR JN (JSAR)', 'JASSAR JN (JSAR)', ''),
(417, 'JATOI (JTOI)', 'JATOI (JTOI)', ''),
(418, 'JAUHARABAD (JAHD)', 'JAUHARABAD (JAHD)', ''),
(419, 'JAURAH KARNANA (JRH)', 'JAURAH KARNANA (JRH)', ''),
(420, 'JHALAR (JRN)', 'JHALAR (JRN)', ''),
(421, 'JHAMAT (JHMT)', 'JHAMAT (JHMT)', ''),
(422, 'JHANG CITY (JHC)', 'JHANG CITY (JHC)', ''),
(423, 'JHANG SADAR (JGH)', 'JHANG SADAR (JGH)', ''),
(424, 'JHANGIRA ROAD (JHR)', 'JHANGIRA ROAD (JHR)', ''),
(425, 'JHATPAT (JPT)', 'JHATPAT (JPT)', ''),
(426, 'JHELUM (JMR)', 'JHELUM (JMR)', ''),
(427, 'JHETHA BHUTTA (JTA)', 'JHETHA BHUTTA (JTA)', ''),
(428, 'JHIMPIR (JHP)', 'JHIMPIR (JHP)', ''),
(429, 'JHOK DITTA (JWT)', 'JHOK DITTA (JWT)', ''),
(430, 'JHOL (JHO)', 'JHOL (JHO)', ''),
(431, 'JHUDO (JDO)', 'JHUDO (JDO)', ''),
(432, 'JHULURI (JLE)', 'JHULURI (JLE)', ''),
(433, 'JIA BAGGA (JBA)', 'JIA BAGGA (JBA)', ''),
(434, 'JUMMAH GOTH (JMTH)', 'JUMMAH GOTH (JMTH)', ''),
(435, 'JUNGSHAHI (JGS)', 'JUNGSHAHI (JGS)', ''),
(436, 'KABUL RIVER (KVB)', 'KABUL RIVER (KVB)', ''),
(437, 'KABUL SEEN PUL (KBSP', 'KABUL SEEN PUL (KBSP', ''),
(438, 'KACHA GHARI (KGC)', 'KACHA GHARI (KGC)', ''),
(439, 'KACHA KHUH (KHO)', 'KACHA KHUH (KHO)', ''),
(440, 'KACHA ROAD (KCR)', 'KACHA ROAD (KCR)', ''),
(441, 'KACHELO (KEO)', 'KACHELO (KEO)', ''),
(442, 'KAHAL (KHL)', 'KAHAL (KHL)', ''),
(443, 'KAHI (KHY)', 'KAHI (KHY)', ''),
(444, 'KAHROR PAKKA (KQP)', 'KAHROR PAKKA (KQP)', ''),
(445, 'KALA (KAX)', 'KALA (KAX)', ''),
(446, 'KALA KHATAI (KLKT)', 'KALA KHATAI (KLKT)', ''),
(447, 'KALA SHAH KAKU (KBS)', 'KALA SHAH KAKU (KBS)', ''),
(448, 'KALABAGH (KWZ)', 'KALABAGH (KWZ)', ''),
(449, 'KALANCHWALA (KCW)', 'KALANCHWALA (KCW)', ''),
(450, 'KALAS GORAYA (HALT) ', 'KALAS GORAYA (HALT) ', ''),
(451, 'KALEKE (KKE)', 'KALEKE (KKE)', ''),
(452, 'KALHORA (KLHR)', 'KALHORA (KLHR)', ''),
(453, 'KALIAMAWAN (KWX)', 'KALIAMAWAN (KWX)', ''),
(454, 'KALLUR KOT (KLO)', 'KALLUR KOT (KLO)', ''),
(455, 'KALPANI (KPC)', 'KALPANI (KPC)', ''),
(456, 'KALUWAL (KOW)', 'KALUWAL (KOW)', ''),
(457, 'KAMALIA (KZM)', 'KAMALIA (KZM)', ''),
(458, 'KAMAR MASHANI (KQH)', 'KAMAR MASHANI (KQH)', ''),
(459, 'KAMARO SHARIF (KMOS)', 'KAMARO SHARIF (KMOS)', ''),
(460, 'KAMBAR ALI KHAN (KRA', 'KAMBAR ALI KHAN (KRA', ''),
(461, 'KAMOKE (KAM)', 'KAMOKE (KAM)', ''),
(462, 'KAN MEHTARZAI (KZZ)', 'KAN MEHTARZAI (KZZ)', ''),
(463, 'KANA KACHA (KKH)', 'KANA KACHA (KKH)', ''),
(464, 'KANAK (KBF)', 'KANAK (KBF)', ''),
(465, 'KANDIARO (KDRO)', 'KANDIARO (KDRO)', ''),
(466, 'KANDKOT (KFZ)', 'KANDKOT (KFZ)', ''),
(467, 'KANDWAL (HALT) (KDWL', 'KANDWAL (HALT) (KDWL', ''),
(468, 'KANGANPUR (KZN)', 'KANGANPUR (KZN)', ''),
(469, 'KANJUR (KUJ)', 'KANJUR (KUJ)', ''),
(470, 'KANJWANI (KJK)', 'KANJWANI (KJK)', ''),
(471, 'KARACHI BUNDER AND S', 'KARACHI BUNDER AND S', ''),
(472, 'KARACHI CANT (KC)', 'KARACHI CANT (KC)', ''),
(473, 'KARACHI CITY (KYC)', 'KARACHI CITY (KYC)', ''),
(474, 'KARACHI PORT TRUST (', 'KARACHI PORT TRUST (', ''),
(475, 'KARACHI UNIVERSITY (', 'KARACHI UNIVERSITY (', ''),
(476, 'KAROR (KOR) ', 'KAROR (KOR) ', ''),
(477, 'KARSAZ (KRSZ) ', 'KARSAZ (KRSZ) ', ''),
(478, 'KARYAL (HALT) (KRYL)', 'KARYAL (HALT) (KRYL)', ''),
(479, 'KASHMOR COLONY (KZLC', 'KASHMOR COLONY (KZLC', ''),
(480, 'KASHMOR JN (KZL) ', 'KASHMOR JN (KZL) ', ''),
(481, 'KASSOWAL (KSL) ', 'KASSOWAL (KSL) ', ''),
(482, 'KASUR JN (KUS) ', 'KASUR JN (KUS) ', ''),
(483, 'KASUR TEHSIL (CLOSED', 'KASUR TEHSIL (CLOSED', ''),
(484, 'KATA KUSHTA (KKST) ', 'KATA KUSHTA (KKST) ', ''),
(485, 'KATHALA (KTL) ', 'KATHALA (KTL) ', ''),
(486, 'KAZI AHMAD (KZO) ', 'KAZI AHMAD (KZO) ', ''),
(487, 'KECHI BEG (KFB) ', 'KECHI BEG (KFB) ', ''),
(488, 'KHADRD (KHDO) ', 'KHADRD (KHDO) ', ''),
(489, 'KHAIR MUHAMMAD LAGHA', 'KHAIR MUHAMMAD LAGHA', ''),
(490, 'KHAIRABAD KUND (KBD)', 'KHAIRABAD KUND (KBD)', ''),
(491, 'KHAIRPUR (KHP) ', 'KHAIRPUR (KHP) ', ''),
(492, 'KHAN (KAN) ', 'KHAN (KAN) ', ''),
(493, 'KHAN MUHAMMAD CHAH (', 'KHAN MUHAMMAD CHAH (', ''),
(494, 'KHANAI (KNI) ', 'KHANAI (KNI) ', ''),
(495, 'KHANEWAL JN (KWL) ', 'KHANEWAL JN (KWL) ', ''),
(496, 'KHANORA (KFR) ', 'KHANORA (KFR) ', ''),
(497, 'KHANOT (KNOT) ', 'KHANOT (KNOT) ', ''),
(498, 'KHANPUR JN (KPR) ', 'KHANPUR JN (KPR) ', ''),
(499, 'KHANQAH MUHAMMAD PAN', 'KHANQAH MUHAMMAD PAN', ''),
(500, 'KHARIAN (KRN) ', 'KHARIAN (KRN) ', ''),
(501, 'KHARIAN CANT (KRNC) ', 'KHARIAN CANT (KRNC) ', ''),
(502, 'KHATAN (KTAN) ', 'KHATAN (KTAN) ', ''),
(503, 'KHATHAR (KHZ) ', 'KHATHAR (KHZ) ', ''),
(504, 'KHATIAN ROAD (KNX) ', 'KHATIAN ROAD (KNX) ', ''),
(505, 'KHATLANI SHAHEED (HA', 'KHATLANI SHAHEED (HA', ''),
(506, 'KHEM KARN CLOSED (KE', 'KHEM KARN CLOSED (KE', ''),
(507, 'KHEWRA (KWA) ', 'KHEWRA (KWA) ', ''),
(508, 'KHEWRA CHEMICAL WORK', 'KHEWRA CHEMICAL WORK', ''),
(509, 'KHICHI WALA (KCWL) ', 'KHICHI WALA (KCWL) ', ''),
(510, 'KHJDABAD (KBW) ', 'KHJDABAD (KBW) ', ''),
(511, 'KHJMAN (KQM) ', 'KHJMAN (KQM) ', ''),
(512, 'KHNQAH SIRAJIA (KQSA', 'KHNQAH SIRAJIA (KQSA', ''),
(513, 'KHOKHROPAR (KRB) ', 'KHOKHROPAR (KRB) ', ''),
(514, 'KHOST (KOS) ', 'KHOST (KOS) ', ''),
(515, 'KHUDIAN KHAS (KHUK) ', 'KHUDIAN KHAS (KHUK) ', ''),
(516, 'KHUDOZAI (KZD) ', 'KHUDOZAI (KZD) ', ''),
(517, 'KHUNDDA LADHEKE (KDL', 'KHUNDDA LADHEKE (KDL', ''),
(518, 'KHUSHAB JN (KHB) ', 'KHUSHAB JN (KHB) ', ''),
(519, 'KHUSHAL GARH (CLOSED', 'KHUSHAL GARH (CLOSED', ''),
(520, 'KHUSHHAL (KHLK) ', 'KHUSHHAL (KHLK) ', ''),
(521, 'KIAMARI (KMR) ', 'KIAMARI (KMR) ', ''),
(522, 'KILA ABDULLA (KAB) ', 'KILA ABDULLA (KAB) ', ''),
(523, 'KILA DEWA SINGH (KWS', 'KILA DEWA SINGH (KWS', ''),
(524, 'KILA SAIFULLAH (KSFL', 'KILA SAIFULLAH (KSFL', ''),
(525, 'KILA SOBHA SINGH (QS', 'KILA SOBHA SINGH (QS', ''),
(526, 'KINJHEJHI (KNJE) ', 'KINJHEJHI (KNJE) ', ''),
(527, 'KIRDAGAP (KDB) ', 'KIRDAGAP (KDB) ', ''),
(528, 'KIRIDHOR (KIO) ', 'KIRIDHOR (KIO) ', ''),
(529, 'KISHINGI (KNV) ', 'KISHINGI (KNV) ', ''),
(530, 'KISSAN (KFS) ', 'KISSAN (KFS) ', ''),
(531, 'KOBAR (KBO) ', 'KOBAR (KBO) ', ''),
(532, 'KOH-I-NOOR (KONR) ', 'KOH-I-NOOR (KONR) ', ''),
(533, 'KOHAT CANT (KHCT) ', 'KOHAT CANT (KHCT) ', ''),
(534, 'KOHAT TEHSIL (KHTL) ', 'KOHAT TEHSIL (KHTL) ', ''),
(535, 'KOHSAR (KOSR) ', 'KOHSAR (KOSR) ', ''),
(536, 'KOLPUR (KLR) ', 'KOLPUR (KLR) ', ''),
(537, 'KORANGI (KRNG) ', 'KORANGI (KRNG) ', ''),
(538, 'KOT ABADAN (HALT) (K', 'KOT ABADAN (HALT) (K', ''),
(539, 'KOT ABBAS SHAHEED (K', 'KOT ABBAS SHAHEED (K', ''),
(540, 'KOT ADU JN (ADK) ', 'KOT ADU JN (ADK) ', ''),
(541, 'KOT BEHRAM (KTBM) ', 'KOT BEHRAM (KTBM) ', ''),
(542, 'KOT CHHUTTA (KOHT) ', 'KOT CHHUTTA (KOHT) ', ''),
(543, 'KOT CHHUTTA (KOHT) ', 'KOT CHHUTTA (KOHT) ', ''),
(544, 'KOT DARYA BAL (KTDB)', 'KOT DARYA BAL (KTDB)', ''),
(545, 'KOT DAYA KISHEN (KVW', 'KOT DAYA KISHEN (KVW', ''),
(546, 'KOT GHULAM MUHAMMAD ', 'KOT GHULAM MUHAMMAD ', ''),
(547, 'KOT HAJI SHAH (HALT)', 'KOT HAJI SHAH (HALT)', ''),
(548, 'KOT KHAIR DIN (HALT)', 'KOT KHAIR DIN (HALT)', ''),
(549, 'KOT LAKHPAT (LKP) ', 'KOT LAKHPAT (LKP) ', ''),
(550, 'KOT MUL CHAND (KMCD)', 'KOT MUL CHAND (KMCD)', ''),
(551, 'KOT NAJIB ULLAH (KJQ', 'KOT NAJIB ULLAH (KJQ', ''),
(552, 'KOT PIR ABDUL AZIZ (', 'KOT PIR ABDUL AZIZ (', ''),
(553, 'KOT RADHA KISHN (KRK', 'KOT RADHA KISHN (KRK', ''),
(554, 'KOT SALIM SHAHID (KS', 'KOT SALIM SHAHID (KS', ''),
(555, 'KOT SULTAN (KTS) ', 'KOT SULTAN (KTS) ', ''),
(556, 'KOT-LALLOO (KQO) ', 'KOT-LALLOO (KQO) ', ''),
(557, 'KOTLA ADIB SHAHID (K', 'KOTLA ADIB SHAHID (K', ''),
(558, 'KOTLA ISAN (KTIN) ', 'KOTLA ISAN (KTIN) ', ''),
(559, 'KOTLA JAM (KJO) ', 'KOTLA JAM (KJO) ', ''),
(560, 'KOTLA LAGHARI(HALT) ', 'KOTLA LAGHARI(HALT) ', ''),
(561, 'KOTLA NASIR (KNIR) ', 'KOTLA NASIR (KNIR) ', ''),
(562, 'KOTLA PATHAN (KLF) ', 'KOTLA PATHAN (KLF) ', ''),
(563, 'KOTRI JN (KOT) ', 'KOTRI JN (KOT) ', ''),
(564, 'KOTSAMABA (KTSB) ', 'KOTSAMABA (KTSB) ', ''),
(565, 'KUCHALI (KCL) ', 'KUCHALI (KCL) ', ''),
(566, 'KUCHLAK (KCK) ', 'KUCHLAK (KCK) ', ''),
(567, 'KUHI-TAFTAN (TFT) ', 'KUHI-TAFTAN (TFT) ', ''),
(568, 'KUL MOKAL (KXU) ', 'KUL MOKAL (KXU) ', ''),
(569, 'KULAB (KBB) ', 'KULAB (KBB) ', ''),
(570, 'KUNDIAN JN (KDA) ', 'KUNDIAN JN (KDA) ', ''),
(571, 'KUNRI (KNRS) ', 'KUNRI (KNRS) ', ''),
(572, 'KURAM BRIDGE (KMB) ', 'KURAM BRIDGE (KMB) ', ''),
(573, 'KUSSAM (KMSR) ', 'KUSSAM (KMSR) ', ''),
(574, 'KUTABPUR (KUZ) ', 'KUTABPUR (KUZ) ', ''),
(575, 'KUTAL IMARA (KTAM) ', 'KUTAL IMARA (KTAM) ', ''),
(576, 'KUTBAL (KTB) ', 'KUTBAL (KTB) ', ''),
(577, 'LAHORE CANT (LRC) ', 'LAHORE CANT (LRC) ', ''),
(578, 'LAHORE JN (LHR) ', 'LAHORE JN (LHR) ', ''),
(579, 'LAKHA ROAD (LKRD) ', 'LAKHA ROAD (LKRD) ', ''),
(580, 'LAKHNEWALA (HALT) (L', 'LAKHNEWALA (HALT) (L', ''),
(581, 'LAKI GHULAM SHAH (HA', 'LAKI GHULAM SHAH (HA', ''),
(582, 'LAKI MARWAT JN (LMW)', 'LAKI MARWAT JN (LMW)', ''),
(583, 'LAKI SHAH SADDAR (LS', 'LAKI SHAH SADDAR (LS', ''),
(584, 'LAL MIR (HALT) (LM) ', 'LAL MIR (HALT) (LM) ', ''),
(585, 'LAL PIR (LLPR) ', 'LAL PIR (LLPR) ', ''),
(586, 'LAL SUHANRA (LSA) ', 'LAL SUHANRA (LSA) ', ''),
(587, 'LALA MUSA JN (LLM) ', 'LALA MUSA JN (LLM) ', ''),
(588, 'LALAMUSA GOODS (LLMG', 'LALAMUSA GOODS (LLMG', ''),
(589, 'LALEJI (LJI) ', 'LALEJI (LJI) ', ''),
(590, 'LALIAN (LLAN) ', 'LALIAN (LLAN) ', ''),
(591, 'LANDHI JN (LND) ', 'LANDHI JN (LND) ', ''),
(592, 'LANDI KOTAL (LKL) ', 'LANDI KOTAL (LKL) ', ''),
(593, 'LANDI KOTAL (LDKN) ', 'LANDI KOTAL (LDKN) ', ''),
(594, 'LANGAR (LGR) ', 'LANGAR (LGR) ', ''),
(595, 'LANGOWAL BARUHI (HAL', 'LANGOWAL BARUHI (HAL', ''),
(596, 'LAR (LAZ) ', 'LAR (LAZ) ', ''),
(597, 'LARKANA JN (LRK) ', 'LARKANA JN (LRK) ', ''),
(598, 'LASHARI (CLOSED) (LS', 'LASHARI (CLOSED) (LS', ''),
(599, 'LATIF ABAD (LFD) ', 'LATIF ABAD (LFD) ', ''),
(600, 'LATIF CHANG (LTFC) ', 'LATIF CHANG (LTFC) ', ''),
(601, 'LAWRENCEPUR (LRP) ', 'LAWRENCEPUR (LRP) ', ''),
(602, 'LAYARI (LYR) ', 'LAYARI (LYR) ', ''),
(603, 'LEIAH (LAH) ', 'LEIAH (LAH) ', ''),
(604, 'LIAQATABAD (LQD) ', 'LIAQATABAD (LQD) ', ''),
(605, 'LIAQUATPUR (LQP) ', 'LIAQUATPUR (LQP) ', ''),
(606, 'LILLA (LLA) ', 'LILLA (LLA) ', ''),
(607, 'LILLA TOWN (LLT) ', 'LILLA TOWN (LLT) ', ''),
(608, 'LINDSAY (LDS) ', 'LINDSAY (LDS) ', ''),
(609, 'LODHRAN JN (LON) ', 'LODHRAN JN (LON) ', ''),
(610, 'LOHI BHIR (LBR) ', 'LOHI BHIR (LBR) ', ''),
(611, 'LUDEWALA (LDWL) ', 'LUDEWALA (LDWL) ', ''),
(612, 'LUNDO (LDO) ', 'LUNDO (LDO) ', ''),
(613, 'MACH (MCH) ', 'MACH (MCH) ', ''),
(614, 'MACHHIANWALA (MCW) ', 'MACHHIANWALA (MCW) ', ''),
(615, 'MACHHIKE (MCK) ', 'MACHHIKE (MCK) ', ''),
(616, 'MACHI GOTH (MGQ) ', 'MACHI GOTH (MGQ) ', ''),
(617, 'MACHUR (MCHR) ', 'MACHUR (MCHR) ', ''),
(618, 'MADALI (HDI) ', 'MADALI (HDI) ', ''),
(619, 'MADEJI ROAD (MJI) ', 'MADEJI ROAD (MJI) ', ''),
(620, 'MADHARIAN WALA (MRW)', 'MADHARIAN WALA (MRW)', ''),
(621, 'MADINA-TUL-HIJJAJ (M', 'MADINA-TUL-HIJJAJ (M', ''),
(622, 'MADRISA (MEE) ', 'MADRISA (MEE) ', ''),
(623, 'MAGNEJA (MGNJ) ', 'MAGNEJA (MGNJ) ', ''),
(624, 'MAHESAR (MHS) ', 'MAHESAR (MHS) ', ''),
(625, 'MAHIOTA (MHM) ', 'MAHIOTA (MHM) ', ''),
(626, 'MAHMUD KOT (MHK) ', 'MAHMUD KOT (MHK) ', ''),
(627, 'MAHMUNWALI (MMW) ', 'MAHMUNWALI (MMW) ', ''),
(628, 'MAHRABPUR JN (MHR) ', 'MAHRABPUR JN (MHR) ', ''),
(629, 'MAIBAL (MBX) ', 'MAIBAL (MBX) ', ''),
(630, 'MAILSI (MSX) ', 'MAILSI (MSX) ', ''),
(631, 'MAJLADAD (MLDO) ', 'MAJLADAD (MLDO) ', ''),
(632, 'MAKHAD ROAD (MBR) ', 'MAKHAD ROAD (MBR) ', ''),
(633, 'MAKHDUM SAHIB (HALT)', 'MAKHDUM SAHIB (HALT)', ''),
(634, 'MAKHDUMPUR PAHORAN (', 'MAKHDUMPUR PAHORAN (', ''),
(635, 'MALAKWAL JN (MKW) ', 'MALAKWAL JN (MKW) ', ''),
(636, 'MALIR (MXB) ', 'MALIR (MXB) ', ''),
(637, 'MALIR CANT (MXBC) ', 'MALIR CANT (MXBC) ', ''),
(638, 'MALIR COLONY (MXBH) ', 'MALIR COLONY (MXBH) ', ''),
(639, 'MALTI (MTX) ', 'MALTI (MTX) ', ''),
(640, 'MAMU KANJAN (MMX) ', 'MAMU KANJAN (MMX) ', ''),
(641, 'MANCHER CHATTA (MNCH', 'MANCHER CHATTA (MNCH', ''),
(642, 'MANDI AHMED ABAD (MA', 'MANDI AHMED ABAD (MA', ''),
(643, 'MANDI BAHA-UD-DIN (M', 'MANDI BAHA-UD-DIN (M', ''),
(644, 'MANDI BUREWALA (MBWL', 'MANDI BUREWALA (MBWL', ''),
(645, 'MANDI RAHME SHAH (CR', 'MANDI RAHME SHAH (CR', ''),
(646, 'MANDI SADIQ GANJ JN ', 'MANDI SADIQ GANJ JN ', ''),
(647, 'MANDO DAIRO (MDZ) ', 'MANDO DAIRO (MDZ) ', ''),
(648, 'MANDRA JN (MNA) ', 'MANDRA JN (MNA) ', ''),
(649, 'MANGA (MNGA) ', 'MANGA (MNGA) ', ''),
(650, 'MANGHOPIR (MGHO) ', 'MANGHOPIR (MGHO) ', ''),
(651, 'MANGOLI (MLE) ', 'MANGOLI (MLE) ', ''),
(652, 'MANGUANA (HALT) (MGA', 'MANGUANA (HALT) (MGA', ''),
(653, 'MANJHAND (MJD) ', 'MANJHAND (MJD) ', ''),
(654, 'MANJHLA BAGH (MNLB) ', 'MANJHLA BAGH (MNLB) ', ''),
(655, 'MANKIALA (MKE) ', 'MANKIALA (MKE) ', ''),
(656, 'MANSURABAD (MMBD) ', 'MANSURABAD (MMBD) ', ''),
(657, 'MANSURWALI (MNW) ', 'MANSURWALI (MNW) ', ''),
(658, 'MARDAN JN (MDX) ', 'MARDAN JN (MDX) ', ''),
(659, 'MARGALA (MGLA) ', 'MARGALA (MGLA) ', ''),
(660, 'MARH BALOCHAN (MBN) ', 'MARH BALOCHAN (MBN) ', ''),
(661, 'MARI INDUS (MAT) ', 'MARI INDUS (MAT) ', ''),
(662, 'MARIYAL (MRYL) ', 'MARIYAL (MRYL) ', ''),
(663, 'MARSHALLING YARD PIP', 'MARSHALLING YARD PIP', ''),
(664, 'MASHORI SHARIF (MHSR', 'MASHORI SHARIF (MHSR', ''),
(665, 'MASSAN (MSY) ', 'MASSAN (MSY) ', ''),
(666, 'MASTUNG ROAD (MUF) ', 'MASTUNG ROAD (MUF) ', ''),
(667, 'MASUD AKHTAR SHAHID ', 'MASUD AKHTAR SHAHID ', ''),
(668, 'MATAPAN (MTPN) ', 'MATAPAN (MTPN) ', ''),
(669, 'MAULVIWLA (MLVA) ', 'MAULVIWLA (MLVA) ', ''),
(670, 'MBWN (MBWN) ', 'MBWN (MBWN) ', ''),
(671, 'MEDANAK (MDNK) ', 'MEDANAK (MDNK) ', ''),
(672, 'MEHAR-SHAH (MEHA) ', 'MEHAR-SHAH (MEHA) ', ''),
(673, 'MEHTA SUJA (MSJ) ', 'MEHTA SUJA (MSJ) ', ''),
(674, 'MELTA (MTS) ', 'MELTA (MTS) ', ''),
(675, 'METING (MTG) ', 'METING (MTG) ', ''),
(676, 'MHN (MHN) ', 'MHN (MHN) ', ''),
(677, 'MIAN CHANNUN (MYH) ', 'MIAN CHANNUN (MYH) ', ''),
(678, 'MIAN GHUNDI (MUI) ', 'MIAN GHUNDI (MUI) ', ''),
(679, 'MIAN SHAMIR (MSHR) ', 'MIAN SHAMIR (MSHR) ', ''),
(680, 'MIAN WALI (MWI) ', 'MIAN WALI (MWI) ', ''),
(681, 'MIANI (MII) ', 'MIANI (MII) ', ''),
(682, 'MIHRAN (HALT) (MINT)', 'MIHRAN (HALT) (MINT)', ''),
(683, 'MIMAN (MMN) ', 'MIMAN (MMN) ', ''),
(684, 'MINA BAZAR (MNBZ) ', 'MINA BAZAR (MNBZ) ', ''),
(685, 'MINCHINABAD (MCD) ', 'MINCHINABAD (MCD) ', ''),
(686, 'MINHAN KHAN RIND (HA', 'MINHAN KHAN RIND (HA', ''),
(687, 'MIR ALLAH DAD TALPUR', 'MIR ALLAH DAD TALPUR', ''),
(688, 'MIR DOSTALI (MDAL) ', 'MIR DOSTALI (MDAL) ', ''),
(689, 'MIR HASSAN KHOSO (HA', 'MIR HASSAN KHOSO (HA', ''),
(690, 'MIRAN SAHIB (CLOSED)', 'MIRAN SAHIB (CLOSED)', ''),
(691, 'MIRANI (CLOSED) (MRN', 'MIRANI (CLOSED) (MRN', ''),
(692, 'MIRDAD MUAFI (MQD) ', 'MIRDAD MUAFI (MQD) ', ''),
(693, 'MIRJAL (MRJL) ', 'MIRJAL (MRJL) ', ''),
(694, 'MIRJAT (MRJT) ', 'MIRJAT (MRJT) ', ''),
(695, 'MIRJAWA (MJB) ', 'MIRJAWA (MJB) ', ''),
(696, 'MIRPUR JHAS GOODS (M', 'MIRPUR JHAS GOODS (M', ''),
(697, 'MIRPUR KHAS JN (MPS)', 'MIRPUR KHAS JN (MPS)', ''),
(698, 'MIRPUR MATHELO (MRP)', 'MIRPUR MATHELO (MRP)', ''),
(699, 'MISSA KESWAL (MSA) ', 'MISSA KESWAL (MSA) ', ''),
(700, 'MISSAN KALAR (MSKR) ', 'MISSAN KALAR (MSKR) ', ''),
(701, 'MITHA LAK (MTQ) ', 'MITHA LAK (MTQ) ', ''),
(702, 'MITHA TIWANA (MTW) ', 'MITHA TIWANA (MTW) ', ''),
(703, 'MITHAN KOT (KMTN) ', 'MITHAN KOT (KMTN) ', ''),
(704, 'MITHIANI (MTNI) ', 'MITHIANI (MTNI) ', ''),
(705, 'MITHRI (MIT) ', 'MITHRI (MIT) ', ''),
(706, 'MITTI ROYA (MRY) ', 'MITTI ROYA (MRY) ', ''),
(707, 'MLCL (MLCL) ', 'MLCL (MLCL) ', ''),
(708, 'MODEL COLONY (MDCL) ', 'MODEL COLONY (MDCL) ', ''),
(709, 'MOENGO DARO (MNJO) ', 'MOENGO DARO (MNJO) ', ''),
(710, 'MOGHALPURA JN (MGPR)', 'MOGHALPURA JN (MGPR)', ''),
(711, 'MOGHARI (CLOSED) (MR', 'MOGHARI (CLOSED) (MR', ''),
(712, 'MOHAT (MHTA) ', 'MOHAT (MHTA) ', ''),
(713, 'MOHRA SHAHWALI (MSWI', 'MOHRA SHAHWALI (MSWI', ''),
(714, 'MOHSINWAL (MOWL) ', 'MOHSINWAL (MOWL) ', ''),
(715, 'MONA (MOV) ', 'MONA (MOV) ', ''),
(716, 'MORO (MRS) ', 'MORO (MRS) ', ''),
(717, 'MUBARAKABAD(HALT) (M', 'MUBARAKABAD(HALT) (M', ''),
(718, 'MUBARAKPUR (MBK) ', 'MUBARAKPUR (MBK) ', ''),
(719, 'MUDDUKI (MDI) ', 'MUDDUKI (MDI) ', ''),
(720, 'MUGHAL (MGL) ', 'MUGHAL (MGL) ', ''),
(721, 'MUHAMMAD NAGAR (MHNR', 'MUHAMMAD NAGAR (MHNR', ''),
(722, 'MUHAMMAD PUR DIWAN (', 'MUHAMMAD PUR DIWAN (', ''),
(723, 'MUHAMMAD RAHIM KALRU', 'MUHAMMAD RAHIM KALRU', ''),
(724, 'MUJAHIDABAD (MJC) ', 'MUJAHIDABAD (MJC) ', ''),
(725, 'MUJALDIWALA HALT (MJ', 'MUJALDIWALA HALT (MJ', ''),
(726, 'MULLA MAKHAN (MLMN) ', 'MULLA MAKHAN (MLMN) ', ''),
(727, 'MULTAN CANT (MUL) ', 'MULTAN CANT (MUL) ', ''),
(728, 'MULTAN CITY (MXC) ', 'MULTAN CITY (MXC) ', ''),
(729, 'MUMTAZABAD (HALT) (M', 'MUMTAZABAD (HALT) (M', ''),
(730, 'MUNIANWALA (MNWL) ', 'MUNIANWALA (MNWL) ', ''),
(731, 'MURAD CHISHTI (MRCH)', 'MURAD CHISHTI (MRCH)', ''),
(732, 'MURADI JANJIL (MRDJ)', 'MURADI JANJIL (MRDJ)', ''),
(733, 'MURGHAI (MGHI) ', 'MURGHAI (MGHI) ', ''),
(734, 'MURIDKE (MDK) ', 'MURIDKE (MDK) ', ''),
(735, 'MUSA VIRK (MSVR) ', 'MUSA VIRK (MSVR) ', ''),
(736, 'MUSHKAF (MKF) ', 'MUSHKAF (MKF) ', ''),
(737, 'MUSLIMAABAD (MLMD) ', 'MUSLIMAABAD (MLMD) ', ''),
(738, 'MUSLIMBAGH (MMBH) ', 'MUSLIMBAGH (MMBH) ', ''),
(739, 'MUZAFFARABAD (MZJ) ', 'MUZAFFARABAD (MZJ) ', ''),
(740, 'MUZAFFARGARH (MZG) ', 'MUZAFFARGARH (MZG) ', ''),
(741, 'NABISAR ROAD (NBSR) ', 'NABISAR ROAD (NBSR) ', ''),
(742, 'NADABAD (NAO) ', 'NADABAD (NAO) ', ''),
(743, 'NAFIS NAGAR (NFGR) ', 'NAFIS NAGAR (NFGR) ', ''),
(744, 'NAIM ISHFAQ SHAHID (', 'NAIM ISHFAQ SHAHID (', ''),
(745, 'NAJKOT (NKOT) ', 'NAJKOT (NKOT) ', ''),
(746, 'NAJRANG SERAI (NUS) ', 'NAJRANG SERAI (NUS) ', ''),
(747, 'NAKUS (NKS) ', 'NAKUS (NKS) ', ''),
(748, 'NAMMAL (NLM) ', 'NAMMAL (NLM) ', ''),
(749, 'NANKANA SAHAB (NNS) ', 'NANKANA SAHAB (NNS) ', ''),
(750, 'NARANG (NRNG) ', 'NARANG (NRNG) ', ''),
(751, 'NARI (NAR) ', 'NARI (NAR) ', ''),
(752, 'NARI BANK (NRB) ', 'NARI BANK (NRB) ', ''),
(753, 'NARI WEST (NRWT) ', 'NARI WEST (NRWT) ', ''),
(754, 'NAROWAL JN (NWL) ', 'NAROWAL JN (NWL) ', ''),
(755, 'NASAI (NSAI) ', 'NASAI (NSAI) ', ''),
(756, 'NASARPUR (NPP) ', 'NASARPUR (NPP) ', ''),
(757, 'NASRAT (NST) ', 'NASRAT (NST) ', ''),
(758, 'NASRAT KHEL (CLOSED)', 'NASRAT KHEL (CLOSED)', ''),
(759, 'NAURANG SERAI SUGAR ', 'NAURANG SERAI SUGAR ', ''),
(760, 'NAUSHAHRO FEROZE (NS', 'NAUSHAHRO FEROZE (NS', ''),
(761, 'NAUTHEH (NUT) ', 'NAUTHEH (NUT) ', ''),
(762, 'NAWAB WALI MUHAMMAD ', 'NAWAB WALI MUHAMMAD ', ''),
(763, 'NAWABSHAH JN (NWS) ', 'NAWABSHAH JN (NWS) ', ''),
(764, 'NAWAGAZI (NZI) ', 'NAWAGAZI (NZI) ', ''),
(765, 'NAWAN PIND (HALT) (N', 'NAWAN PIND (HALT) (N', ''),
(766, 'NAWAZ DAHRI (NZH) ', 'NAWAZ DAHRI (NZH) ', ''),
(767, 'NAZIKABAD (NAZ) ', 'NAZIKABAD (NAZ) ', ''),
(768, 'NAZIRABAD (NZRA) ', 'NAZIRABAD (NZRA) ', ''),
(769, 'NEW CHHOR (NCO) ', 'NEW CHHOR (NCO) ', ''),
(770, 'NEW SAIDABAD (NSB) ', 'NEW SAIDABAD (NSB) ', ''),
(771, 'NISHATABAD (NSTD) ', 'NISHATABAD (NSTD) ', ''),
(772, 'NISHTARABAD (NSHB) ', 'NISHTARABAD (NSHB) ', ''),
(773, 'NIZAM SAMA (HALT) (N', 'NIZAM SAMA (HALT) (N', ''),
(774, 'NIZAMABAD (NZD) ', 'NIZAMABAD (NZD) ', ''),
(775, 'NOK CHAH (NKG) ', 'NOK CHAH (NKG) ', ''),
(776, 'NOK KUNDI (KDD) ', 'NOK KUNDI (KDD) ', ''),
(777, 'NOLI (NUK) ', 'NOLI (NUK) ', ''),
(778, 'NOORI LAL (HALT) (NR', 'NOORI LAL (HALT) (NR', ''),
(779, 'NOORPUR (NRPR) ', 'NOORPUR (NRPR) ', ''),
(780, 'NORAI SHARIF (NRSF) ', 'NORAI SHARIF (NRSF) ', ''),
(781, 'NORTH NAZIMABAD (NAA', 'NORTH NAZIMABAD (NAA', ''),
(782, 'NOTAK (NTK) ', 'NOTAK (NTK) ', ''),
(783, 'NOWSHERA JN (NSR) ', 'NOWSHERA JN (NSR) ', ''),
(784, 'NUR (NQU) ', 'NUR (NQU) ', ''),
(785, 'NUR (NUR) ', 'NUR (NUR) ', ''),
(786, 'NUR MUHAMMAD MOKAL (', 'NUR MUHAMMAD MOKAL (', ''),
(787, 'NUR SHAH (NSH) ', 'NUR SHAH (NSH) ', ''),
(788, 'NURKOT (NRKT) ', 'NURKOT (NRKT) ', ''),
(789, 'NUSHKI (NSE) ', 'NUSHKI (NSE) ', ''),
(790, 'NUTTALL (NTL) ', 'NUTTALL (NTL) ', ''),
(791, 'OCEPUR (OCP) ', 'OCEPUR (OCP) ', ''),
(792, 'ODEROLAL (ODL) ', 'ODEROLAL (ODL) ', ''),
(793, 'ODHAN (ODN) ', 'ODHAN (ODN) ', ''),
(794, 'OKARA (OKR) ', 'OKARA (OKR) ', ''),
(795, 'OKARA CANT (OKC) ', 'OKARA CANT (OKC) ', ''),
(796, 'ONGAR (OAR) ', 'ONGAR (OAR) ', ''),
(797, 'ORANGI (ORG) ', 'ORANGI (ORG) ', ''),
(798, 'P.A.F. HALT (AFH) ', 'P.A.F. HALT (AFH) ', ''),
(799, 'PABBI (PBI) ', 'PABBI (PBI) ', ''),
(800, 'PAD IDAN JN (PDN) ', 'PAD IDAN JN (PDN) ', ''),
(801, 'PADAG ROAD (PGD) ', 'PADAG ROAD (PGD) ', ''),
(802, 'PAHARPUR THAL (PHTL)', 'PAHARPUR THAL (PHTL)', ''),
(803, 'PAI KHEL (PIK) ', 'PAI KHEL (PIK) ', ''),
(804, 'PAIGAH (PGHA) ', 'PAIGAH (PGHA) ', ''),
(805, 'PAIN MALL (PJM) ', 'PAIN MALL (PJM) ', ''),
(806, 'PAKHOWAL (PHL) ', 'PAKHOWAL (PHL) ', ''),
(807, 'PAKKA ANNA (PCA) ', 'PAKKA ANNA (PCA) ', ''),
(808, 'PAKKA SIDHAR (PKS) ', 'PAKKA SIDHAR (PKS) ', ''),
(809, 'PAKPATTAN (PPX) ', 'PAKPATTAN (PPX) ', ''),
(810, 'PALH (PAH) ', 'PALH (PAH) ', ''),
(811, 'PALIJANI (PJL) ', 'PALIJANI (PJL) ', ''),
(812, 'PANG PIR (PNP) ', 'PANG PIR (PNP) ', ''),
(813, 'PANIR (PIR) ', 'PANIR (PIR) ', ''),
(814, 'PANJ GIRAIN (PJG) ', 'PANJ GIRAIN (PJG) ', ''),
(815, 'PANJ PULLA (HALT) (P', 'PANJ PULLA (HALT) (P', ''),
(816, 'PANO AKIL (PNL) ', 'PANO AKIL (PNL) ', ''),
(817, 'PARCHE-JI-VERI (PJV)', 'PARCHE-JI-VERI (PJV)', ''),
(818, 'PARKHOO DHERI (PDC) ', 'PARKHOO DHERI (PDC) ', ''),
(819, 'PARVEZWALA (PRWL) ', 'PARVEZWALA (PRWL) ', ''),
(820, 'PASRUR (PSW) ', 'PASRUR (PSW) ', ''),
(821, 'PATLA (PTLA) ', 'PATLA (PTLA) ', ''),
(822, 'PATOYUN (PYO) ', 'PATOYUN (PYO) ', ''),
(823, 'PATTOKI (PTO) ', 'PATTOKI (PTO) ', ''),
(824, 'PEERU LISHARI (PRS) ', 'PEERU LISHARI (PRS) ', ''),
(825, 'PEHRO KUNRI (PFK) ', 'PEHRO KUNRI (PFK) ', ''),
(826, 'PEJOWALI (PJWL) ', 'PEJOWALI (PJWL) ', ''),
(827, 'PERAK (PRQ) ', 'PERAK (PRQ) ', ''),
(828, 'PESHAWAR CANT (PSC) ', 'PESHAWAR CANT (PSC) ', ''),
(829, 'PESHAWAR CITY (PSH) ', 'PESHAWAR CITY (PSH) ', ''),
(830, 'PESHI (PSI) ', 'PESHI (PSI) ', ''),
(831, 'PEZU (PZU) ', 'PEZU (PZU) ', ''),
(832, 'PHULARWAN (PHW) ', 'PHULARWAN (PHW) ', ''),
(833, 'PHULJI (PHJ) ', 'PHULJI (PHJ) ', ''),
(834, 'PIARO GOTH (PRX) ', 'PIARO GOTH (PRX) ', ''),
(835, 'PIND DADN KHAN (PDK)', 'PIND DADN KHAN (PDK)', ''),
(836, 'PIND MUKKO (PIM) ', 'PIND MUKKO (PIM) ', ''),
(837, 'PINDI RASUL (PNRS) ', 'PINDI RASUL (PNRS) ', ''),
(838, 'PINDORA (PIND) ', 'PINDORA (PIND) ', ''),
(839, 'PIPLAN (PPL) ', 'PIPLAN (PPL) ', ''),
(840, 'PIR BAKHIR (PBKR) ', 'PIR BAKHIR (PBKR) ', ''),
(841, 'PIR BARKHURADAR(HALT', 'PIR BARKHURADAR(HALT', ''),
(842, 'PIR JAND(HALT) (PJND', 'PIR JAND(HALT) (PJND', ''),
(843, 'PIR JEWAN SULTAN (PJ', 'PIR JEWAN SULTAN (PJ', ''),
(844, 'PIR KATPAR (POP) ', 'PIR KATPAR (POP) ', ''),
(845, 'PIR MAHAL (PMX) ', 'PIR MAHAL (PMX) ', ''),
(846, 'PIR MUHAMMAD METLO (', 'PIR MUHAMMAD METLO (', ''),
(847, 'PIR MUKHTIARWALA(HAL', 'PIR MUKHTIARWALA(HAL', ''),
(848, 'PIR PIAI (PII) ', 'PIR PIAI (PII) ', ''),
(849, 'PIR SADIQ SHAH (HALT', 'PIR SADIQ SHAH (HALT', ''),
(850, 'PIRAN GHAIB (PGB) ', 'PIRAN GHAIB (PGB) ', ''),
(851, 'PIRAWALLA (PRW) ', 'PIRAWALLA (PRW) ', ''),
(852, 'PISHOK (CLOSED) (POK', 'PISHOK (CLOSED) (POK', ''),
(853, 'PITHORO JN (PHO) ', 'PITHORO JN (PHO) ', ''),
(854, 'PITHU RANA (HALT) (P', 'PITHU RANA (HALT) (P', ''),
(855, 'PREM NAGAR (PNX) ', 'PREM NAGAR (PNX) ', ''),
(856, 'QADIRABAD (QDB) ', 'QADIRABAD (QDB) ', ''),
(857, 'QAIDABAD (QDG) ', 'QAIDABAD (QDG) ', ''),
(858, 'QAIMPUR (QMP) ', 'QAIMPUR (QMP) ', ''),
(859, 'QALAT-I-NASIR (QNR) ', 'QALAT-I-NASIR (QNR) ', ''),
(860, 'QASIMWALA (QSM) ', 'QASIMWALA (QSM) ', ''),
(861, 'QILA SATTAR SHAH (QS', 'QILA SATTAR SHAH (QS', ''),
(862, 'QILA SHEIKHUPURA JN ', 'QILA SHEIKHUPURA JN ', ''),
(863, 'QUDRAT (QDT) ', 'QUDRAT (QDT) ', ''),
(864, 'QUDRATABAD (QDTB) ', 'QUDRATABAD (QDTB) ', ''),
(865, 'QUETTA (QTA) ', 'QUETTA (QTA) ', ''),
(866, 'RABWAH (RBW) ', 'RABWAH (RBW) ', ''),
(867, 'RADHAN (RDH) ', 'RADHAN (RDH) ', ''),
(868, 'RADKHANWALA (RKW) ', 'RADKHANWALA (RKW) ', ''),
(869, 'RAFIQABAD (RFQ) ', 'RAFIQABAD (RFQ) ', ''),
(870, 'RAFIQABAD (RQW) ', 'RAFIQABAD (RQW) ', ''),
(871, 'RAHIM YAR KHAN (RYK)', 'RAHIM YAR KHAN (RYK)', ''),
(872, 'RAHMGUL (RHM) ', 'RAHMGUL (RHM) ', ''),
(873, 'RAHUJA (RHJA) ', 'RAHUJA (RHJA) ', ''),
(874, 'RAHUKI (RHK) ', 'RAHUKI (RHK) ', ''),
(875, 'RAINA (CLOSED) (RIN)', 'RAINA (CLOSED) (RIN)', ''),
(876, 'RAISALPUR CANT (RCS)', 'RAISALPUR CANT (RCS)', ''),
(877, 'RAISAN (RSN) ', 'RAISAN (RSN) ', ''),
(878, 'RAIWIND JN (RND) ', 'RAIWIND JN (RND) ', ''),
(879, 'RAJA JANG (RJJ) ', 'RAJA JANG (RJJ) ', ''),
(880, 'RAJAN SHAH (RJSH) ', 'RAJAN SHAH (RJSH) ', ''),
(881, 'RAJANPUR (RJPR) ', 'RAJANPUR (RJPR) ', ''),
(882, 'RAJAR (RJH) ', 'RAJAR (RJH) ', ''),
(883, 'RAJPUT NAGAR (RPNG) ', 'RAJPUT NAGAR (RPNG) ', ''),
(884, 'RAKH RAJAR (RAR) ', 'RAKH RAJAR (RAR) ', ''),
(885, 'RAN PETHANI (RPN) ', 'RAN PETHANI (RPN) ', ''),
(886, 'RANBIRSINGHPURA (CLO', 'RANBIRSINGHPURA (CLO', ''),
(887, 'RANIPUR RIYASAT (RAN', 'RANIPUR RIYASAT (RAN', ''),
(888, 'RASHKAI (RSK) ', 'RASHKAI (RSK) ', ''),
(889, 'RATANABAD (RAD) ', 'RATANABAD (RAD) ', ''),
(890, 'RATIAL (RTL) ', 'RATIAL (RTL) ', ''),
(891, 'RATTAN (HALT) (RTN) ', 'RATTAN (HALT) (RTN) ', ''),
(892, 'RATTO KALA (RTK) ', 'RATTO KALA (RTK) ', ''),
(893, 'RAWALPINDI (RWP) ', 'RAWALPINDI (RWP) ', ''),
(894, 'RAYA KHAS (RKHS) ', 'RAYA KHAS (RKHS) ', ''),
(895, 'RECEPTION YARD (RYD)', 'RECEPTION YARD (RYD)', ''),
(896, 'REG-I-MALIK (RGC) ', 'REG-I-MALIK (RGC) ', ''),
(897, 'REHANA (RCN) ', 'REHANA (RCN) ', ''),
(898, 'REHMANI NAGAR (RMNR)', 'REHMANI NAGAR (RMNR)', ''),
(899, 'REHMANPURA(HALT) (RM', 'REHMANPURA(HALT) (RM', ''),
(900, 'RENALA KHURD (RKQ) ', 'RENALA KHURD (RKQ) ', ''),
(901, 'RETI (RTE) ', 'RETI (RTE) ', ''),
(902, 'RIAZABAD (RZD) ', 'RIAZABAD (RZD) ', ''),
(903, 'RISALEWALA (RSE) ', 'RISALEWALA (RSE) ', ''),
(904, 'RIVAZ EAST BANK (REB', 'RIVAZ EAST BANK (REB', ''),
(905, 'RIVAZ WEST BANK (RWB', 'RIVAZ WEST BANK (RWB', ''),
(906, 'ROHRI JN (ROH) ', 'ROHRI JN (ROH) ', ''),
(907, 'ROSHANABAD (RSB) ', 'ROSHANABAD (RSB) ', ''),
(908, 'ROUHAN (RON) ', 'ROUHAN (RON) ', ''),
(909, 'RUK (RUK) ', 'RUK (RUK) ', ''),
(910, 'RUKANPUR (RKU) ', 'RUKANPUR (RKU) ', ''),
(911, 'RUMIAN (ROM) ', 'RUMIAN (ROM) ', ''),
(912, 'RURALA ROAD (RRLN) ', 'RURALA ROAD (RRLN) ', ''),
(913, 'RUSTAM SARGANA (RMG)', 'RUSTAM SARGANA (RMG)', ''),
(914, 'SABZAZAR (SBZR) ', 'SABZAZAR (SBZR) ', ''),
(915, 'SACHCHA SAUDA (SCS) ', 'SACHCHA SAUDA (SCS) ', ''),
(916, 'SADA SAWAYA (HALT) (', 'SADA SAWAYA (HALT) (', ''),
(917, 'SADHAR (HALT) (SADR)', 'SADHAR (HALT) (SADR)', ''),
(918, 'SADHOKE (SDQ) ', 'SADHOKE (SDQ) ', ''),
(919, 'SADIKABAD (SDK) ', 'SADIKABAD (SDK) ', ''),
(920, 'SADIQ ALI SHAHEED (S', 'SADIQ ALI SHAHEED (S', ''),
(921, 'SADIQPUR (SFP) ', 'SADIQPUR (SFP) ', ''),
(922, 'SADURO (SDRO) ', 'SADURO (SDRO) ', ''),
(923, 'SAFDARABAD (SFRD) ', 'SAFDARABAD (SFRD) ', ''),
(924, 'SAHIANWALA (SAHW) ', 'SAHIANWALA (SAHW) ', ''),
(925, 'SAHIWAL (SWAL) ', 'SAHIWAL (SWAL) ', ''),
(926, 'SAHJA (SJH) ', 'SAHJA (SJH) ', ''),
(927, 'SAHOWALA (SLA) ', 'SAHOWALA (SLA) ', ''),
(928, 'SAHU (CLOSED) (SUH) ', 'SAHU (CLOSED) (SUH) ', ''),
(929, 'SAINDAD (SAND) ', 'SAINDAD (SAND) ', ''),
(930, 'SAKHI SHAUQ ILAHI (S', 'SAKHI SHAUQ ILAHI (S', ''),
(931, 'SAKRAND JN (SKRD) ', 'SAKRAND JN (SKRD) ', ''),
(932, 'SALIH BHAMBRO (SLBO)', 'SALIH BHAMBRO (SLBO)', ''),
(933, 'SALIM AWAN (SLAW) ', 'SALIM AWAN (SLAW) ', ''),
(934, 'SAMANABAD (SMBD) ', 'SAMANABAD (SMBD) ', ''),
(935, 'SAMANDWALA (SMW) ', 'SAMANDWALA (SMW) ', ''),
(936, 'SAMARD ROAD (SAMR) ', 'SAMARD ROAD (SAMR) ', ''),
(937, 'SAMASATA JN (SMA) ', 'SAMASATA JN (SMA) ', ''),
(938, 'SAMBRIAL (SMB) ', 'SAMBRIAL (SMB) ', ''),
(939, 'SAMIAH (SMTH) ', 'SAMIAH (SMTH) ', ''),
(940, 'SAMUNGLI ROAD (SMGD)', 'SAMUNGLI ROAD (SMGD)', ''),
(941, 'SANAWAN (SNW) ', 'SANAWAN (SNW) ', ''),
(942, 'SANDRAL (SNRL) ', 'SANDRAL (SNRL) ', ''),
(943, 'SANGI (SGI) ', 'SANGI (SGI) ', ''),
(944, 'SANGJANI (SJI) ', 'SANGJANI (SJI) ', ''),
(945, 'SANGLA HILL JN (SLL)', 'SANGLA HILL JN (SLL)', ''),
(946, 'SANJWAL (SJU) ', 'SANJWAL (SJU) ', ''),
(947, 'SANJWAL CANT (SJC) ', 'SANJWAL CANT (SJC) ', ''),
(948, 'SANN (SANN) ', 'SANN (SANN) ', ''),
(949, 'SAR DHERI (SRDI) ', 'SAR DHERI (SRDI) ', ''),
(950, 'SAR SHAMIR ROAD (SSX', 'SAR SHAMIR ROAD (SSX', ''),
(951, 'SAR-I-AB (SRB) ', 'SAR-I-AB (SRB) ', ''),
(952, 'SAR-I-BOLAN (SBN) ', 'SAR-I-BOLAN (SBN) ', ''),
(953, 'SARAI ALAMGIR (SXG) ', 'SARAI ALAMGIR (SXG) ', ''),
(954, 'SARANAN (SHO) ', 'SARANAN (SHO) ', ''),
(955, 'SARDAR JHANDIR (SRJR', 'SARDAR JHANDIR (SRJR', ''),
(956, 'SARDAR WALI MAZARI (', 'SARDAR WALI MAZARI (', ''),
(957, 'SARGODHA JN (SRQ) ', 'SARGODHA JN (SRQ) ', ''),
(958, 'SARHAD (SHD) ', 'SARHAD (SHD) ', ''),
(959, 'SARHARI (SRH) ', 'SARHARI (SRH) ', ''),
(960, 'SARMALL(CLOSED) (SQM', 'SARMALL(CLOSED) (SQM', ''),
(961, 'SAROBA (SRBX) ', 'SAROBA (SRBX) ', ''),
(962, 'SARWAR NAGAR (SNRR) ', 'SARWAR NAGAR (SNRR) ', ''),
(963, 'SARWAR SHAHEED (HALT', 'SARWAR SHAHEED (HALT', ''),
(964, 'SATHOIWALA (STWL) ', 'SATHOIWALA (STWL) ', ''),
(965, 'SATTAR WALA (HALT) (', 'SATTAR WALA (HALT) (', ''),
(966, 'SAVZALA (SZL) ', 'SAVZALA (SZL) ', ''),
(967, 'SAYID HAMID (SYD) ', 'SAYID HAMID (SYD) ', ''),
(968, 'SAYYAD KASRAN (SYY) ', 'SAYYAD KASRAN (SYY) ', ''),
(969, 'SEHJOWAL (SJWL) ', 'SEHJOWAL (SJWL) ', ''),
(970, 'SEHWAN SHARIF (SWN) ', 'SEHWAN SHARIF (SWN) ', ''),
(971, 'SENI GAMBAT (SGB) ', 'SENI GAMBAT (SGB) ', ''),
(972, 'SEOWAL (HALT) (SEWL)', 'SEOWAL (HALT) (SEWL)', ''),
(973, 'SERAI SALEH (SSQ) ', 'SERAI SALEH (SSQ) ', ''),
(974, 'SERATANGI (CLOSED) (', 'SERATANGI (CLOSED) (', ''),
(975, 'SETHARJA (STJ) ', 'SETHARJA (STJ) ', ''),
(976, 'SHADAN LUND (SHDL) ', 'SHADAN LUND (SHDL) ', ''),
(977, 'SHADIA (SDEA) ', 'SHADIA (SDEA) ', ''),
(978, 'SHADIPALLI (SPI) ', 'SHADIPALLI (SPI) ', ''),
(979, 'SHAFIABAD (SFBD) ', 'SHAFIABAD (SFBD) ', ''),
(980, 'SHAH ABDUL LATIF (SD', 'SHAH ABDUL LATIF (SD', ''),
(981, 'SHAH ALAM (SAM) ', 'SHAH ALAM (SAM) ', ''),
(982, 'SHAH JEWANA (SJW) ', 'SHAH JEWANA (SJW) ', ''),
(983, 'SHAH MURTAZA (HALT) ', 'SHAH MURTAZA (HALT) ', ''),
(984, 'SHAH NAL (SFL) ', 'SHAH NAL (SFL) ', ''),
(985, 'SHAH NAWAZ BHUTTO (S', 'SHAH NAWAZ BHUTTO (S', ''),
(986, 'SHAH NIKDUR (SXU) ', 'SHAH NIKDUR (SXU) ', ''),
(987, 'SHAH PANJO (HALT) (S', 'SHAH PANJO (HALT) (S', ''),
(988, 'SHAH SULTAN (HALT) (', 'SHAH SULTAN (HALT) (', ''),
(989, 'SHAHBAZ KHEL (HALT) ', 'SHAHBAZ KHEL (HALT) ', ''),
(990, 'SHAHBAZWALA (SZW) ', 'SHAHBAZWALA (SZW) ', ''),
(991, 'SHAHDADKOT (SDKT) ', 'SHAHDADKOT (SDKT) ', ''),
(992, 'SHAHDADPUR (SDU) ', 'SHAHDADPUR (SDU) ', ''),
(993, 'SHAHDARA BAGH JN (SD', 'SHAHDARA BAGH JN (SD', ''),
(994, 'SHAHEED ALLAH BAKHSH', 'SHAHEED ALLAH BAKHSH', ''),
(995, 'SHAHGAI (SHGI) ', 'SHAHGAI (SHGI) ', ''),
(996, 'SHAHIDANWALA (SHY) ', 'SHAHIDANWALA (SHY) ', ''),
(997, 'SHAHINABAD JN (SHND)', 'SHAHINABAD JN (SHND)', ''),
(998, 'SHAHPUR CHAKAR (SPCK', 'SHAHPUR CHAKAR (SPCK', ''),
(999, 'SHAHPUR CITY (SHPC) ', 'SHAHPUR CITY (SHPC) ', ''),
(1000, 'SHAHPUR JAHANIA (SPJ', 'SHAHPUR JAHANIA (SPJ', ''),
(1001, 'SHAHPUR SADAR (SHPS)', 'SHAHPUR SADAR (SHPS)', ''),
(1002, 'SHAHTAJ (SHAA) ', 'SHAHTAJ (SHAA) ', ''),
(1003, 'SHAHWALI (SHWA) ', 'SHAHWALI (SHWA) ', ''),
(1004, 'SHAKIRABAD (HALT) (S', 'SHAKIRABAD (HALT) (S', ''),
(1005, 'SHAMKOTE (SMQ) ', 'SHAMKOTE (SMQ) ', ''),
(1006, 'SHARIGH (SGH) ', 'SHARIGH (SGH) ', '');
INSERT INTO `city` (`city_id`, `city_from`, `city_to`, `remarks`) VALUES
(1007, 'SHEIKH MANDAH (SMS) ', 'SHEIKH MANDAH (SMS) ', ''),
(1008, 'SHEIKH WAHAN (SKZ) ', 'SHEIKH WAHAN (SKZ) ', ''),
(1009, 'SHEIKH WASIL (SWK) ', 'SHEIKH WASIL (SWK) ', ''),
(1010, 'SHELABAGH (SBA) ', 'SHELABAGH (SBA) ', ''),
(1011, 'SHER SHAH JN (SSH) ', 'SHER SHAH JN (SSH) ', ''),
(1012, 'SHIKARPUR (SHP) ', 'SHIKARPUR (SHP) ', ''),
(1013, 'SHINA KHEWRA (SK) ', 'SHINA KHEWRA (SK) ', ''),
(1014, 'SHINKAI (SNKI) ', 'SHINKAI (SNKI) ', ''),
(1015, 'SHORI (SHQ) ', 'SHORI (SHQ) ', ''),
(1016, 'SHORI CHATTA (SHOA) ', 'SHORI CHATTA (SHOA) ', ''),
(1017, 'SHORKOT CANT. JN (SK', 'SHORKOT CANT. JN (SK', ''),
(1018, 'SHUJABAD (SJB) ', 'SHUJABAD (SJB) ', ''),
(1019, 'SIALABAD (SLBD) ', 'SIALABAD (SLBD) ', ''),
(1020, 'SIALKOT CANT (SLKC) ', 'SIALKOT CANT (SLKC) ', ''),
(1021, 'SIALKOT JN (SLK) ', 'SIALKOT JN (SLK) ', ''),
(1022, 'SIBI JN (SIB) ', 'SIBI JN (SIB) ', ''),
(1023, 'SIDKI (CLOSED) (SDX)', 'SIDKI (CLOSED) (SDX)', ''),
(1024, 'SIGNAL (SIV) ', 'SIGNAL (SIV) ', ''),
(1025, 'SIHALA (SIH) ', 'SIHALA (SIH) ', ''),
(1026, 'SIHAR (SHS) ', 'SIHAR (SHS) ', ''),
(1027, 'SILLANWALI (SWY) ', 'SILLANWALI (SWY) ', ''),
(1028, 'SILRA SHAHDADKOT (SD', 'SILRA SHAHDADKOT (SD', ''),
(1029, 'SIMZAI (SZI) ', 'SIMZAI (SZI) ', ''),
(1030, 'SIND UNIVERSITY (SDU', 'SIND UNIVERSITY (SDU', ''),
(1031, 'SINJHORO (SIJ) ', 'SINJHORO (SIJ) ', ''),
(1032, 'SIRAJWALA (SRJW) ', 'SIRAJWALA (SRJW) ', ''),
(1033, 'SITE (SITE) ', 'SITE (SITE) ', ''),
(1034, 'SKHAKOT (SKC) ', 'SKHAKOT (SKC) ', ''),
(1035, 'SOBHA WALA (SAX) ', 'SOBHA WALA (SAX) ', ''),
(1036, 'SOBHAGA (SBQ) ', 'SOBHAGA (SBQ) ', ''),
(1037, 'SODHRA KOPRA (SDA) ', 'SODHRA KOPRA (SDA) ', ''),
(1038, 'SOHAN BRIDGE (SON) ', 'SOHAN BRIDGE (SON) ', ''),
(1039, 'SOHAWA (SHA) ', 'SOHAWA (SHA) ', ''),
(1040, 'SOOD BIDHANA (SDBA) ', 'SOOD BIDHANA (SDBA) ', ''),
(1041, 'SPEZAND JN (SZD) ', 'SPEZAND JN (SZD) ', ''),
(1042, 'SPIN GHUNDI (SPH) ', 'SPIN GHUNDI (SPH) ', ''),
(1043, 'SPINTANGI (SPG) ', 'SPINTANGI (SPG) ', ''),
(1044, 'SRIRAMPURA (SRPA) ', 'SRIRAMPURA (SRPA) ', ''),
(1045, 'STORES PURA (AAAA) ', 'STORES PURA (AAAA) ', ''),
(1046, 'SUCHETGARH JN.(CLOSE', 'SUCHETGARH JN.(CLOSE', ''),
(1047, 'SUFIABAD (SFB) ', 'SUFIABAD (SFB) ', ''),
(1048, 'SUGAR MILL (HALT) (S', 'SUGAR MILL (HALT) (S', ''),
(1049, 'SUKH BEAS (SKBS) ', 'SUKH BEAS (SKBS) ', ''),
(1050, 'SUKHEKE (SKE) ', 'SUKHEKE (SKE) ', ''),
(1051, 'SUKHIO MANAHEJO (SKM', 'SUKHIO MANAHEJO (SKM', ''),
(1052, 'SUKHO (SQZ) ', 'SUKHO (SQZ) ', ''),
(1053, 'SUKKUR JN (SUK) ', 'SUKKUR JN (SUK) ', ''),
(1054, 'SULAIMANABAD (SLMA) ', 'SULAIMANABAD (SLMA) ', ''),
(1055, 'SULTAN KARORI (HALT)', 'SULTAN KARORI (HALT)', ''),
(1056, 'SULTAN KHEL (STKI) ', 'SULTAN KHEL (STKI) ', ''),
(1057, 'SULTAN NAGAR (SLNR) ', 'SULTAN NAGAR (SLNR) ', ''),
(1058, 'SULTANABAD (SULB) ', 'SULTANABAD (SULB) ', ''),
(1059, 'SULTANABAD COLONY (H', 'SULTANABAD COLONY (H', ''),
(1060, 'SULTANKOT (SOK) ', 'SULTANKOT (SOK) ', ''),
(1061, 'SULTANPUR (SLPR) ', 'SULTANPUR (SLPR) ', ''),
(1062, 'SUMAR CHANDIO (HALT)', 'SUMAR CHANDIO (HALT)', ''),
(1063, 'SUMBAL HAMID (SLHD) ', 'SUMBAL HAMID (SLHD) ', ''),
(1064, 'SUNEHRI (SNRI) ', 'SUNEHRI (SNRI) ', ''),
(1065, 'SURAIN (SURN) ', 'SURAIN (SURN) ', ''),
(1066, 'TABRUK (TBRQ) ', 'TABRUK (TBRQ) ', ''),
(1067, 'TAJPUR NASARPUR ROAD', 'TAJPUR NASARPUR ROAD', ''),
(1068, 'TAKHT MAHAL (TKM) ', 'TAKHT MAHAL (TKM) ', ''),
(1069, 'TAKHT-I-BHAI (TEB) ', 'TAKHT-I-BHAI (TEB) ', ''),
(1070, 'TALHAR (THRS) ', 'TALHAR (THRS) ', ''),
(1071, 'TALHI (TAH) ', 'TALHI (TAH) ', ''),
(1072, 'TALOO (TLQ) ', 'TALOO (TLQ) ', ''),
(1073, 'TAMEWALI (TMW) ', 'TAMEWALI (TMW) ', ''),
(1074, 'TANDLIAWALA (TLW) ', 'TANDLIAWALA (TLW) ', ''),
(1075, 'TANDO ADAM JN (TDM) ', 'TANDO ADAM JN (TDM) ', ''),
(1076, 'TANDO ALAHYAR (TDA) ', 'TANDO ALAHYAR (TDA) ', ''),
(1077, 'TANDO JAM (JTD) ', 'TANDO JAM (JTD) ', ''),
(1078, 'TANDO JAM COLLEGE (H', 'TANDO JAM COLLEGE (H', ''),
(1079, 'TANDO JAN MUHAMMAD (', 'TANDO JAN MUHAMMAD (', ''),
(1080, 'TANDO MUHAMMAD KHAN ', 'TANDO MUHAMMAD KHAN ', ''),
(1081, 'TANDO MUSTIKHAN (TMK', 'TANDO MUSTIKHAN (TMK', ''),
(1082, 'TANDO SARWAR (TSU) ', 'TANDO SARWAR (TSU) ', ''),
(1083, 'TANDOI (TDIA) ', 'TANDOI (TDIA) ', ''),
(1084, 'TANDURI (TDI) ', 'TANDURI (TDI) ', ''),
(1085, 'TANG HAIDERZAI (THZ)', 'TANG HAIDERZAI (THZ)', ''),
(1086, 'TANK JN (TNC) ', 'TANK JN (TNC) ', ''),
(1087, 'TAQIPUR (TQPR) ', 'TAQIPUR (TQPR) ', ''),
(1088, 'TARAGARH (TRX) ', 'TARAGARH (TRX) ', ''),
(1089, 'TARINDA (TRD) ', 'TARINDA (TRD) ', ''),
(1090, 'TARIQABAD (TQD) ', 'TARIQABAD (TQD) ', ''),
(1091, 'TARKI (TRI) ', 'TARKI (TRI) ', ''),
(1092, 'TARU JABBA (TAJ) ', 'TARU JABBA (TAJ) ', ''),
(1093, 'TASIRABAD (TASD) ', 'TASIRABAD (TASD) ', ''),
(1094, 'TATIPUR (TPR) ', 'TATIPUR (TPR) ', ''),
(1095, 'TAUNSA BARRAGE (PBQ)', 'TAUNSA BARRAGE (PBQ)', ''),
(1096, 'TAUNSA BARRAGE (TBQ)', 'TAUNSA BARRAGE (TBQ)', ''),
(1097, 'TAUNSA BARRAGE COLON', 'TAUNSA BARRAGE COLON', ''),
(1098, 'TAWARI (TWR) ', 'TAWARI (TWR) ', ''),
(1099, 'TAXILA CANT (TXLC) ', 'TAXILA CANT (TXLC) ', ''),
(1100, 'TAXILA JN (TXL) ', 'TAXILA JN (TXL) ', ''),
(1101, 'TEHSIL SHAKARGARH (S', 'TEHSIL SHAKARGARH (S', ''),
(1102, 'THAL AND OUT AGENCY ', 'THAL AND OUT AGENCY ', ''),
(1103, 'THANEDARWALA (TWO) ', 'THANEDARWALA (TWO) ', ''),
(1104, 'THARUSHAH JN (TRSH) ', 'THARUSHAH JN (TRSH) ', ''),
(1105, 'THATTA MAHLA (TTM) ', 'THATTA MAHLA (TTM) ', ''),
(1106, 'THERI SANSI (TSE) ', 'THERI SANSI (TSE) ', ''),
(1107, 'THERMAL POWER STATIO', 'THERMAL POWER STATIO', ''),
(1108, 'THOLE PRODUCE YARD (', 'THOLE PRODUCE YARD (', ''),
(1109, 'THUL NAO (THLS) ', 'THUL NAO (THLS) ', ''),
(1110, 'THUL NAO (THLN) ', 'THUL NAO (THLN) ', ''),
(1111, 'TIBBA ALAMGIR(HALT) ', 'TIBBA ALAMGIR(HALT) ', ''),
(1112, 'TIBBA MEHARBAN SHAH ', 'TIBBA MEHARBAN SHAH ', ''),
(1113, 'TIBBI IZZAT (TZT) ', 'TIBBI IZZAT (TZT) ', ''),
(1114, 'TILKAN (CLOSED) (TKX', 'TILKAN (CLOSED) (TKX', ''),
(1115, 'TINOKA (TINK) ', 'TINOKA (TINK) ', ''),
(1116, 'TOBA TEK SINGH (TTSG', 'TOBA TEK SINGH (TTSG', ''),
(1117, 'TOBAH (TOBA) ', 'TOBAH (TOBA) ', ''),
(1118, 'TOGH (TOG) ', 'TOGH (TOG) ', ''),
(1119, 'TORAGHBARGI (TRQ) ', 'TORAGHBARGI (TRQ) ', ''),
(1120, 'TORRA TIGGA (TRTG) ', 'TORRA TIGGA (TRTG) ', ''),
(1121, 'TOZGHI (TZG) ', 'TOZGHI (TZG) ', ''),
(1122, 'TRAG (TGX) ', 'TRAG (TGX) ', ''),
(1123, 'TUFAIL SHAHID (HALT)', 'TUFAIL SHAHID (HALT)', ''),
(1124, 'UCHHRI (UHI) ', 'UCHHRI (UHI) ', ''),
(1125, 'UGOKE (UGE) ', 'UGOKE (UGE) ', ''),
(1126, 'UMID ALI JUNEJO (UAJ', 'UMID ALI JUNEJO (UAJ', ''),
(1127, 'UMN (UMN) ', 'UMN (UMN) ', ''),
(1128, 'UNARPUR (UNR) ', 'UNARPUR (UNR) ', ''),
(1129, 'UNHARWAH (URW) ', 'UNHARWAH (URW) ', ''),
(1130, 'URDU COLLEGE (URD) ', 'URDU COLLEGE (URD) ', ''),
(1131, 'USMAN KHATTAR (UKT) ', 'USMAN KHATTAR (UKT) ', ''),
(1132, 'USMANWALA (UMW) ', 'USMANWALA (UMW) ', ''),
(1133, 'USTA MUHAMMAD (UTM) ', 'USTA MUHAMMAD (UTM) ', ''),
(1134, 'USTARZAI (UTZ) ', 'USTARZAI (UTZ) ', ''),
(1135, 'UTRAM (OTR) ', 'UTRAM (OTR) ', ''),
(1136, 'VAKILWALA (VKW) ', 'VAKILWALA (VKW) ', ''),
(1137, 'VASAR BAH (VSB) ', 'VASAR BAH (VSB) ', ''),
(1138, 'VIHARI (VHR) ', 'VIHARI (VHR) ', ''),
(1139, 'WADALA CHEEMA (HALT)', 'WADALA CHEEMA (HALT)', ''),
(1140, 'WAGHA (VWGH) ', 'WAGHA (VWGH) ', ''),
(1141, 'WAGHA (WGH) ', 'WAGHA (WGH) ', ''),
(1142, 'WAH (WAH) ', 'WAH (WAH) ', ''),
(1143, 'WAH CANT (WHC) ', 'WAH CANT (WHC) ', ''),
(1144, 'WAHAB SHAH (WHB) ', 'WAHAB SHAH (WHB) ', ''),
(1145, 'WALHAR (WLR) ', 'WALHAR (WLR) ', ''),
(1146, 'WALI KHAN (WLN) ', 'WALI KHAN (WLN) ', ''),
(1147, 'WALI MAZARI (WMA) ', 'WALI MAZARI (WMA) ', ''),
(1148, 'WALTON (WTNS) ', 'WALTON (WTNS) ', ''),
(1149, 'WAN ADHAN (WNAD) ', 'WAN ADHAN (WNAD) ', ''),
(1150, 'WANBHACHARAN (WBN) ', 'WANBHACHARAN (WBN) ', ''),
(1151, 'WARBURTON (WRN) ', 'WARBURTON (WRN) ', ''),
(1152, 'WARECHAH (WCH) ', 'WARECHAH (WCH) ', ''),
(1153, 'WARIS ALI SHAHEED (W', 'WARIS ALI SHAHEED (W', ''),
(1154, 'WARYAM (WYM) ', 'WARYAM (WYM) ', ''),
(1155, 'WAZIR MANSION (WZN) ', 'WAZIR MANSION (WZN) ', ''),
(1156, 'WAZIRABAD JN (WZD) ', 'WAZIRABAD JN (WZD) ', ''),
(1157, 'WAZIRANI (CLOSED) (W', 'WAZIRANI (CLOSED) (W', ''),
(1158, 'WEGOWAL (WGWL) ', 'WEGOWAL (WGWL) ', ''),
(1159, 'WIL SONPUR (WSN) ', 'WIL SONPUR (WSN) ', ''),
(1160, 'YADGAR (CLOSED) (UDR', 'YADGAR (CLOSED) (UDR', ''),
(1161, 'YAKMACH (YMC) ', 'YAKMACH (YMC) ', ''),
(1162, 'YAR MUHAMMAD KALHORO', 'YAR MUHAMMAD KALHORO', ''),
(1163, 'YARU (ZKZ) ', 'YARU (ZKZ) ', ''),
(1164, 'YOUSAF SHAH (HALT) (', 'YOUSAF SHAH (HALT) (', ''),
(1165, 'YRU KHOSA (YAA) ', 'YRU KHOSA (YAA) ', ''),
(1166, 'YUSAFWALA (YSW) ', 'YUSAFWALA (YSW) ', ''),
(1167, 'ZAFAR IQBAL (ZBL) ', 'ZAFAR IQBAL (ZBL) ', ''),
(1168, 'ZAFARWAL (ZFW) ', 'ZAFARWAL (ZFW) ', ''),
(1169, 'ZAHIDAN (ZHN) ', 'ZAHIDAN (ZHN) ', ''),
(1170, 'ZAHIR PIR (ZRP) ', 'ZAHIR PIR (ZRP) ', ''),
(1171, 'ZAHIRNAGAR (ZBA) ', 'ZAHIRNAGAR (ZBA) ', ''),
(1172, 'ZANGIABAD (ZGB) ', 'ZANGIABAD (ZGB) ', ''),
(1173, 'ZARDALU (ZLU) ', 'ZARDALU (ZLU) ', ''),
(1174, 'ZARGHUN (ZGH) ', 'ZARGHUN (ZGH) ', ''),
(1175, 'ZARIF SHAHEED (ZRSD)', 'ZARIF SHAHEED (ZRSD)', ''),
(1176, 'ZEAL PAK (ZPK) ', 'ZEAL PAK (ZPK) ', ''),
(1177, 'ZERO POINT (ZPT) ', 'ZERO POINT (ZPT) ', ''),
(1178, 'ZHOB (ZHOB) ', 'ZHOB (ZHOB) ', ''),
(1179, 'ZINTARA (ZTA) ', 'ZINTARA (ZTA) ', ''),
(1180, 'ZORGARH (ZRG) ', 'ZORGARH (ZRG) ', ''),
(1181, 'ZOZLAN (ZZN)', 'ZOZLAN (ZZN)', '');

-- --------------------------------------------------------

--
-- Table structure for table `days`
--

CREATE TABLE IF NOT EXISTS `days` (
  `days_id` int(11) NOT NULL AUTO_INCREMENT,
  `date_of_train` date NOT NULL,
  `remarks` varchar(30) NOT NULL,
  PRIMARY KEY (`days_id`)
) ENGINE=InnoDB  DEFAULT CHARSET=utf8 AUTO_INCREMENT=5 ;

--
-- Dumping data for table `days`
--

INSERT INTO `days` (`days_id`, `date_of_train`, `remarks`) VALUES
(1, '2013-11-28', 'ok'),
(2, '2013-11-29', 'ok'),
(3, '2013-11-30', '9'),
(4, '2013-12-01', '9');

-- --------------------------------------------------------

--
-- Stand-in structure for view `reserved`
--
CREATE TABLE IF NOT EXISTS `reserved` (
`ticket_id` int(11)
,`seat_no` int(11)
,`pessanger` varchar(20)
,`train_name` varchar(20)
,`date_of_train` date
,`city_from` varchar(20)
,`city_to` varchar(50)
,`bogie_name` varchar(20)
,`schedule_id` int(11)
,`bogies_id` int(11)
,`train_id` int(11)
);
-- --------------------------------------------------------

--
-- Table structure for table `rout`
--

CREATE TABLE IF NOT EXISTS `rout` (
  `city_id` int(11) NOT NULL,
  `rout_id` int(11) NOT NULL AUTO_INCREMENT,
  `train_id` int(11) NOT NULL,
  `junction_no` int(11) NOT NULL,
  `remarks` varchar(30) NOT NULL,
  PRIMARY KEY (`rout_id`),
  KEY `city_id` (`city_id`),
  KEY `train_id` (`train_id`),
  KEY `train_id_2` (`train_id`)
) ENGINE=InnoDB  DEFAULT CHARSET=utf8 AUTO_INCREMENT=10 ;

--
-- Dumping data for table `rout`
--

INSERT INTO `rout` (`city_id`, `rout_id`, `train_id`, `junction_no`, `remarks`) VALUES
(473, 1, 1, 1, 'good'),
(563, 2, 1, 2, 'hjgfj'),
(382, 3, 1, 3, 'sad'),
(199, 4, 1, 4, 'asdf'),
(1053, 5, 1, 5, 'sde'),
(728, 6, 1, 6, 'dsf'),
(577, 7, 1, 7, 'sdf'),
(865, 8, 2, 1, 'ass'),
(577, 9, 2, 10, 'asd');

-- --------------------------------------------------------

--
-- Table structure for table `schedule`
--

CREATE TABLE IF NOT EXISTS `schedule` (
  `schedule_id` int(11) NOT NULL AUTO_INCREMENT,
  `train_id` int(11) NOT NULL,
  `day_id` int(11) NOT NULL,
  `time_start` time NOT NULL,
  `time_arrival` time NOT NULL,
  `remarks` varchar(30) NOT NULL,
  PRIMARY KEY (`schedule_id`),
  KEY `train_id` (`train_id`),
  KEY `day_id` (`day_id`),
  KEY `time_start` (`time_start`),
  KEY `day_id_2` (`day_id`)
) ENGINE=InnoDB  DEFAULT CHARSET=utf8 AUTO_INCREMENT=7 ;

--
-- Dumping data for table `schedule`
--

INSERT INTO `schedule` (`schedule_id`, `train_id`, `day_id`, `time_start`, `time_arrival`, `remarks`) VALUES
(1, 2, 1, '20:12:06', '20:12:15', 'lol'),
(2, 2, 2, '00:48:58', '00:48:59', '9'),
(3, 1, 3, '21:53:25', '21:53:25', 'A'),
(4, 1, 4, '21:53:55', '21:53:56', 'AA'),
(5, 1, 1, '21:54:11', '21:54:12', '1'),
(6, 1, 2, '21:54:26', '21:54:27', 'A');

-- --------------------------------------------------------

--
-- Table structure for table `schedule_detail`
--

CREATE TABLE IF NOT EXISTS `schedule_detail` (
  `schedule_id` int(11) NOT NULL,
  `detail_id` int(11) NOT NULL AUTO_INCREMENT,
  `bogie_id` int(11) NOT NULL,
  `remarks` varchar(30) NOT NULL,
  PRIMARY KEY (`detail_id`),
  KEY `schedule_id` (`schedule_id`),
  KEY `bogie_id` (`bogie_id`)
) ENGINE=InnoDB  DEFAULT CHARSET=utf8 AUTO_INCREMENT=30 ;

--
-- Dumping data for table `schedule_detail`
--

INSERT INTO `schedule_detail` (`schedule_id`, `detail_id`, `bogie_id`, `remarks`) VALUES
(1, 1, 1, 'aas'),
(1, 2, 1, '88'),
(1, 3, 1, '1122'),
(1, 4, 1, 'deasds'),
(1, 5, 1, 'asdf'),
(1, 6, 1, 'asd'),
(1, 7, 1, 'saqib'),
(1, 8, 3, '9'),
(1, 9, 3, '9'),
(1, 10, 5, '9'),
(1, 11, 6, '9'),
(1, 12, 4, '9'),
(1, 13, 4, '9'),
(3, 14, 3, '9'),
(3, 15, 1, 'A'),
(3, 16, 1, 'A'),
(3, 17, 3, 'A'),
(3, 18, 3, 'A'),
(3, 19, 4, 'A'),
(3, 20, 4, 'A'),
(3, 21, 5, 'A'),
(3, 22, 5, 'A'),
(3, 23, 5, 'A'),
(3, 24, 6, 'A'),
(3, 25, 1, 'A'),
(3, 26, 1, 'A'),
(3, 27, 4, 'A'),
(3, 28, 1, 'A'),
(3, 29, 6, 'A');

-- --------------------------------------------------------

--
-- Table structure for table `ticket`
--

CREATE TABLE IF NOT EXISTS `ticket` (
  `ticket_id` int(11) NOT NULL AUTO_INCREMENT,
  `seat_no` int(11) NOT NULL,
  `detail_id` int(11) NOT NULL,
  `from_rout_id` int(11) NOT NULL,
  `to_rout_id` int(11) NOT NULL,
  `pessanger` varchar(20) NOT NULL,
  `bogie_id` int(11) NOT NULL,
  PRIMARY KEY (`ticket_id`),
  KEY `detail_id` (`detail_id`),
  KEY `from_rout_id` (`from_rout_id`),
  KEY `to_rout_id` (`to_rout_id`),
  KEY `bogie_id` (`bogie_id`),
  KEY `bogie_id_2` (`bogie_id`)
) ENGINE=InnoDB  DEFAULT CHARSET=utf8 AUTO_INCREMENT=6 ;

--
-- Dumping data for table `ticket`
--

INSERT INTO `ticket` (`ticket_id`, `seat_no`, `detail_id`, `from_rout_id`, `to_rout_id`, `pessanger`, `bogie_id`) VALUES
(1, 2, 1, 4, 3, 'saqib', 0),
(2, 3, 1, 1, 9, 'jay', 0),
(3, 5, 1, 1, 9, 'raja', 0),
(4, 5, 23, 4, 2, 'ismail', 0),
(5, 5, 23, 5, 6, 'ismial', 0);

-- --------------------------------------------------------

--
-- Table structure for table `train`
--

CREATE TABLE IF NOT EXISTS `train` (
  `train_id` int(11) NOT NULL AUTO_INCREMENT,
  `train_name` varchar(20) NOT NULL,
  `remarks` varchar(30) NOT NULL,
  PRIMARY KEY (`train_id`)
) ENGINE=InnoDB  DEFAULT CHARSET=utf8 AUTO_INCREMENT=30 ;

--
-- Dumping data for table `train`
--

INSERT INTO `train` (`train_id`, `train_name`, `remarks`) VALUES
(1, 'express', 'ok'),
(2, 'Akbar Express', 'sdf'),
(3, 'Allama Iqbal Express', 'sdf'),
(4, 'Awam Express', 'sdf'),
(5, 'Bahauddin Zakaria Ex', 'sdf'),
(6, 'Bahawalpur Express', 'sdf'),
(7, 'Bolan Mail', 'sdf'),
(8, 'Hazara Express', 'sdf'),
(9, 'Fareed Express', 'sdf'),
(10, 'Jaffar Express', 'sdf'),
(11, 'Karachi Express', 'sdf'),
(12, 'Karakoram Express', 'sdf'),
(13, 'Khushhal Khan Khatta', 'sdf'),
(14, 'Khyber Mail', 'sdf'),
(15, 'Mehr Express', 'sdf'),
(16, 'Millat Express', 'sdf'),
(17, 'Night Coach Express', 'sdf'),
(18, 'Pakistan Business Ex', 'sdf'),
(19, 'Pakistan Express', 'sdf'),
(20, 'Rawal Express', 'sdf'),
(21, 'Samjhauta Express', 'sdf'),
(22, 'Shalimar Express', 'sdf'),
(23, 'Sialkot Express', 'sdf'),
(24, 'Subak Kharam Express', 'sdf'),
(25, 'Subak Raftar Express', 'sdf'),
(26, 'Sukkur Express', 'sdf'),
(27, 'Super Express', 'sdf'),
(28, 'Tezgam', 'sdf'),
(29, 'Thar Express', 'sdf');

-- --------------------------------------------------------

--
-- Stand-in structure for view `train_routes_cross`
--
CREATE TABLE IF NOT EXISTS `train_routes_cross` (
`city_from` varchar(20)
,`city_to` varchar(50)
,`train_name` varchar(20)
,`train_id` int(11)
,`_from` int(11)
,`_to` int(11)
);
-- --------------------------------------------------------

--
-- Structure for view `reserved`
--
DROP TABLE IF EXISTS `reserved`;

CREATE ALGORITHM=UNDEFINED DEFINER=`root`@`localhost` SQL SECURITY DEFINER VIEW `reserved` AS select `t`.`ticket_id` AS `ticket_id`,`t`.`seat_no` AS `seat_no`,`t`.`pessanger` AS `pessanger`,`tr`.`train_name` AS `train_name`,`d`.`date_of_train` AS `date_of_train`,`cf`.`city_from` AS `city_from`,`ct`.`city_to` AS `city_to`,`b`.`bogie_name` AS `bogie_name`,`sh`.`schedule_id` AS `schedule_id`,`b`.`bogies_id` AS `bogies_id`,`tr`.`train_id` AS `train_id` from (((((((((`ticket` `t` join `train` `tr`) join `days` `d`) join `city` `cf`) join `city` `ct`) join `schedule_detail` `shd`) join `schedule` `sh`) join `rout` `from_rout`) join `rout` `to_rout`) join `bogies` `b`) where ((`t`.`detail_id` = `shd`.`detail_id`) and (`shd`.`schedule_id` = `sh`.`schedule_id`) and (`sh`.`train_id` = `tr`.`train_id`) and (`sh`.`day_id` = `d`.`days_id`) and (`t`.`from_rout_id` = `from_rout`.`rout_id`) and (`from_rout`.`city_id` = `cf`.`city_id`) and (`t`.`to_rout_id` = `to_rout`.`rout_id`) and (`to_rout`.`city_id` = `ct`.`city_id`) and (`shd`.`bogie_id` = `b`.`bogies_id`));

-- --------------------------------------------------------

--
-- Structure for view `train_routes_cross`
--
DROP TABLE IF EXISTS `train_routes_cross`;

CREATE ALGORITHM=UNDEFINED DEFINER=`root`@`localhost` SQL SECURITY DEFINER VIEW `train_routes_cross` AS select `c1`.`city_from` AS `city_from`,`c2`.`city_to` AS `city_to`,`t1`.`train_name` AS `train_name`,`t1`.`train_id` AS `train_id`,`r1`.`junction_no` AS `_from`,`r2`.`junction_no` AS `_to` from (((((`train` `t1` join `train` `t2`) join `rout` `r1`) join `rout` `r2`) join `city` `c1`) join `city` `c2`) where ((`t1`.`train_id` = `t2`.`train_id`) and (`t1`.`train_id` = `r1`.`train_id`) and (`r1`.`city_id` = `c1`.`city_id`) and (`t2`.`train_id` = `r2`.`train_id`) and (`r2`.`city_id` = `c2`.`city_id`));

--
-- Constraints for dumped tables
--

--
-- Constraints for table `rout`
--
ALTER TABLE `rout`
  ADD CONSTRAINT `rout_ibfk_1` FOREIGN KEY (`city_id`) REFERENCES `city` (`city_id`),
  ADD CONSTRAINT `rout_ibfk_2` FOREIGN KEY (`train_id`) REFERENCES `train` (`train_id`);

--
-- Constraints for table `schedule`
--
ALTER TABLE `schedule`
  ADD CONSTRAINT `schedule_ibfk_1` FOREIGN KEY (`train_id`) REFERENCES `train` (`train_id`),
  ADD CONSTRAINT `schedule_ibfk_2` FOREIGN KEY (`day_id`) REFERENCES `days` (`days_id`);

--
-- Constraints for table `schedule_detail`
--
ALTER TABLE `schedule_detail`
  ADD CONSTRAINT `schedule_detail_ibfk_1` FOREIGN KEY (`schedule_id`) REFERENCES `schedule` (`schedule_id`),
  ADD CONSTRAINT `schedule_detail_ibfk_2` FOREIGN KEY (`bogie_id`) REFERENCES `bogies` (`bogies_id`);

--
-- Constraints for table `ticket`
--
ALTER TABLE `ticket`
  ADD CONSTRAINT `ticket_ibfk_1` FOREIGN KEY (`detail_id`) REFERENCES `schedule_detail` (`detail_id`),
  ADD CONSTRAINT `ticket_ibfk_2` FOREIGN KEY (`from_rout_id`) REFERENCES `rout` (`rout_id`),
  ADD CONSTRAINT `ticket_ibfk_3` FOREIGN KEY (`to_rout_id`) REFERENCES `rout` (`rout_id`);


